Percent_Stride,BF_Right_4p0_Mean,BF_Right_4p0_Std,BF_Right_5p0_Mean,BF_Right_5p0_Std,BF_Right_6p0_Mean,BF_Right_6p0_Std,BF_Right_7p0_Mean,BF_Right_7p0_Std,BF_Right_7p5_Mean,BF_Right_7p5_Std,BF_Right_8p0_Mean,BF_Right_8p0_Std,BF_Left_4p0_Mean,BF_Left_4p0_Std,BF_Left_5p0_Mean,BF_Left_5p0_Std,BF_Left_6p0_Mean,BF_Left_6p0_Std,BF_Left_7p0_Mean,BF_Left_7p0_Std,BF_Left_7p5_Mean,BF_Left_7p5_Std,BF_Left_8p0_Mean,BF_Left_8p0_Std
0,1.06193496432265,0.0111302008594716,1.05755889229049,0.00820139256652678,1.06306086901799,0.0071110064775617,1.05665342448143,0.0106251200314692,1.07418744148154,0.00545715066982084,1.04523580561877,0.00474380257909558,0.922266489702388,0.00179966443562256,0.911313523080534,0.00571857126352307,0.909348352522694,0.00461621985450968,0.893650589028634,0.00573421028240992,0.886593539165865,0.00211463009165348,0.875679579968665,0.00331102088567764
1,1.05842035795021,0.0114160086003374,1.05403567592813,0.00776084527572061,1.05846113323985,0.00701764877695537,1.05155773574617,0.0107316914712775,1.06900903047553,0.00513673757061968,1.04080961254713,0.00440008580082411,0.921811906351252,0.000875826791225223,0.912061989101944,0.00796739292459437,0.910501188192366,0.00581069114716669,0.895934798485524,0.00558220094748519,0.886518414114224,0.00102295010854358,0.881897099840201,0.00416518230427496
2,1.05490917348785,0.0115802119503056,1.05058328106704,0.00737302414266989,1.05412123462459,0.00685280155949702,1.04683772707754,0.0108908988917318,1.06417496630661,0.00466971914231623,1.03628443694048,0.00401925412198655,0.922008546406556,0.00118670038721073,0.913630502615363,0.0102387436111239,0.912750644931146,0.00705087552247262,0.899636273747922,0.00553618069697348,0.887884076091984,0.00195397929664358,0.889007183996634,0.00484445793692559
3,1.05140074826938,0.0115592633613852,1.04715170668554,0.00706316756717275,1.05003582478192,0.00662364958941306,1.04247898623996,0.0110928658820693,1.05970001801198,0.00410032468127507,1.03165882783271,0.00362798134830981,0.922959454474809,0.00259946538814094,0.916048935238733,0.0124642061710602,0.916104301802648,0.00827321321626722,0.904748453925521,0.00568794052162982,0.8907970312072,0.00379502913040864,0.896847036951067,0.00536088406343862
4,1.0478748711424,0.0112591322039044,1.04366538965448,0.00686629807718107,1.04615206151194,0.00633863766749345,1.03842746833676,0.0112992693583781,1.055544765132,0.00347646747133876,1.02694609808099,0.00325206096221916,0.92484694761547,0.00432627457105202,0.919319506308152,0.0145824062692418,0.920514934450327,0.00941649196191992,0.911184260669366,0.0060266333696513,0.895270607915355,0.0057771860504684,0.905265926092568,0.00573600764126172
5,1.04429829058611,0.0106998935632798,1.04000656493407,0.00680932740039696,1.04237424391613,0.0060054090626646,1.03459527080438,0.0114535465805868,1.05162358176979,0.00284519901408345,1.02217150032773,0.00291803553434492,0.92756577320378,0.00618830018036364,0.923488899820205,0.0164419919646518,0.925877232931734,0.010433297503277,0.91877747481011,0.00645110795997025,0.901256973495295,0.00767246083453301,0.91413132613223,0.00599157264426558
6,1.04061885707891,0.00989173759330818,1.03608531146012,0.0069233691826193,1.03857761909874,0.00563208168278805,1.03087125978772,0.0114978145829543,1.04781791990519,0.00224651028598336,1.01736507857408,0.00265147317319676,0.931159541287648,0.00807845487616856,0.928391201662526,0.0180658063810769,0.93203013509089,0.01129761632399,0.927274579251407,0.00684418250713054,0.908572500757236,0.00933080705897277,0.923329579479191,0.00614517792632281
7,1.03677817070064,0.00890077496898561,1.03183185450853,0.00719821465973012,1.03463110969044,0.00523360274201736,1.02713554653118,0.0113891599409831,1.04399438420865,0.00170752811747712,1.01255291718166,0.00247193586314826,0.935590158497862,0.00994235358090574,0.933872524470324,0.0193785414700263,0.938768728615492,0.0119930227648048,0.936373772281513,0.00710644141630212,0.916921423484884,0.0106476964780402,0.932764296406084,0.00621069329507524
8,1.0327651029802,0.00787117625061732,1.0272131245898,0.00758514394332438,1.03042120897287,0.00483673116476241,1.02327495485558,0.0111085071594099,1.04002505284631,0.00124141515110098,1.00775109664471,0.00238776844758256,0.94064828727727,0.0116607510373221,0.939790196225743,0.0203250013027009,0.945875268578271,0.0125154116059465,0.945759944499602,0.00718059052593229,0.925952824838768,0.0115576046350971,0.942354793942772,0.00620039813438983
9,1.02857183355179,0.00693154079914285,1.02221951897707,0.00798725298030426,1.02587502197969,0.00448371122791848,1.0191961252117,0.0106607386455898,1.03580486903095,0.000854006051331747,1.00296493004681,0.00239461398595758,0.94627702745744,0.0131088152727829,0.946062520363561,0.0208266251616374,0.953142737705469,0.0128809553190997,0.955142022335998,0.00705763347006085,0.935310278293557,0.0120407779564643,0.952035298301668,0.00612623630024951
10,1.02422848989615,0.00624591273515445,1.01693549480197,0.00831239687536685,1.02098419154893,0.00424117013953367,1.01483447286454,0.010069983785839,1.03126270824162,0.000560842153563857,0.998193346144619,0.00247805296589378,0.952322992595286,0.0141936591828291,0.952534222358645,0.0209057253593501,0.960397787107539,0.0131178085706382,0.964283619253451,0.00676990214658709,0.944681053362481,0.0121170687529472,0.961754016416271,0.00599976667238146
11,1.01980727291377,0.00586631797642462,1.0114439227111,0.0084911572193264,1.01576777751943,0.00415591365874013,1.01015934828976,0.00937415753763286,1.02636535894679,0.000421032587630444,0.993436479103895,0.0026174988182547,0.95867261258439,0.014870124212267,0.95911260032086,0.0205692556774983,0.967532332491171,0.0132274140073559,0.973021017396569,0.00637655742505382,0.953830883400593,0.0118318593475781,0.971470367479908,0.00583198581827172
12,1.01537832067521,0.00582781489328126,1.00583776536862,0.00845775427808389,1.01031907034124,0.0041836436922935,1.00517669041288,0.00861914226955211,1.02111663935226,0.000503689746239328,0.988703620855028,0.00278925194566567,0.965291499554125,0.0150449556410787,0.965741652652893,0.0198881861072047,0.974522799760138,0.0132393345154579,0.981266595209487,0.00594519358043803,0.962617567795491,0.0112437970562879,0.981150168335192,0.00563347586636736
13,1.01100202016292,0.00610050904161732,1.00023036076247,0.0081463489383979,1.00473068445642,0.00425406058667444,0.999929662817618,0.00785131632315731,1.01555372214557,0.000748414774829485,0.984018724812865,0.00296855892070967,0.97210572931425,0.0147099263027425,0.972406611261908,0.0189808493627831,0.981382010569827,0.0131719048587222,0.988999913853726,0.00553332822004672,0.970984246792389,0.0104194020710425,0.990760790576879,0.00541437110843757
14,1.00673289682116,0.00659003292855915,0.99469125087608,0.00760452756704026,0.999104314412031,0.0042916856155548,0.994497046627805,0.0071095099095656,1.00974092006704,0.00109626477108237,0.979421623276047,0.00313117417535128,0.979055137927844,0.0139504090780826,0.979049153022429,0.0180179674724929,0.988147023522674,0.0130444516798604,0.996251895771855,0.00517571024556266,0.978937553491221,0.00943249400551889,1.00026883498344,0.00518399422622565
15,1.0026311704681,0.00726752063915441,0.989302041520926,0.00689636796284285,0.993542950253345,0.00423807971201296,0.98898993260785,0.00641904490107385,1.00376144637316,0.00151969905831588,0.974964553597145,0.00325494637436548,0.986103096931925,0.0128062095098845,0.985662426992075,0.0171203145168418,0.994861609301327,0.0128772674125066,1.00308793305511,0.00488195906684696,0.986519339611609,0.0083645355850139,1.00964181637061,0.00495044110908099
16,0.998711302209376,0.0080535474566363,0.984137309415313,0.00609530991171103,0.988146689957742,0.00406019038570746,0.983546566070119,0.00578966367370356,0.99770977858672,0.0019748618532274,0.970704622194065,0.00332172145667885,0.993167866331966,0.0114263941858609,0.992233599542258,0.0163794777129563,1.00155461664314,0.0126849661567889,1.00959376016393,0.00464357331404547,0.993782458407766,0.00730409822529308,1.01885373035016,0.00472026821133802
17,0.994984440810807,0.008880472271753,0.979301150800732,0.00526263065003352,0.983008295862475,0.00374813119218287,0.978322633581025,0.0052182841330232,0.991687130143629,0.00239687102428454,0.966693472009507,0.00331930738860852,1.00017838539824,0.00996793450842143,0.99873760825398,0.0158419105654645,1.00824146525591,0.012478574895802,1.01586529817186,0.00444492080011212,1.00077730726692,0.00634401032435249,1.02789268418878,0.00449828823774
18,0.991471100901495,0.009659691618272,0.97484976917147,0.00449698300496769,0.978207481891033,0.00330656113937715,0.973474444095105,0.0046956803911646,0.98579921161782,0.0027143067440609,0.962965991526981,0.00324299976429863,1.00707862206626,0.00858226741938204,1.00517767632866,0.0154580622844251,1.01492221033273,0.0122759469173572,1.02200136775192,0.00427203534093334,1.00754885690118,0.00557241867310379,1.03676033881996,0.00428135905736489
19,0.98817508559812,0.0102699482330834,0.970835561099713,0.00379826898203289,0.97381308003963,0.0027587290859586,0.969136725070431,0.00421398901722399,0.980153794972093,0.00286795789142248,0.959530558226324,0.00309635019939492,1.01382551465123,0.00741139369348287,1.01156299703708,0.0151732842487627,1.02158864163659,0.0120911466786833,1.02809433802318,0.00411053783200155,1.01413946560114,0.00505397071981888,1.04544938553199,0.0040374409954715
20,0.985095411771876,0.0106626498248689,0.967309474592744,0.00316018910736089,0.969879332197499,0.00214069800452703,0.965401318332597,0.00377198909651012,0.974855462705224,0.0028274712090637,0.956364631473438,0.00289049296309544,1.02038729822825,0.00656937056248125,1.01791165089056,0.0149466784497163,1.02823039884221,0.0119317421161105,1.0342110928504,0.00393503198724798,1.02059294402953,0.00480690816029484,1.05392794805679,0.00373660097182812
21,0.982232892178171,0.0107444696510008,0.964335757463862,0.00254978517034042,0.966471367676926,0.00147078026230799,0.962304224331321,0.00337656166327571,0.969996929167809,0.0026016226463044,0.953418957313276,0.00264156338329602,1.02673425702382,0.0061113980282488,1.02423215608948,0.0147526943736664,1.03483370315619,0.011796225740181,1.04038340852601,0.00372913101156967,1.02695785069013,0.00479699207767712,1.0622119002804,0.00342429996008986
22,0.97961926757641,0.0104890191677412,0.961959087789854,0.00200672904532623,0.96357845480389,0.000816556808008184,0.959824744805896,0.00303973846260422,0.965648623998028,0.00224214275762116,0.950628251936587,0.00236697726162138,1.03291215918327,0.00594802869711842,1.03057209444265,0.0145841923677232,1.04138915760887,0.0116766171901685,1.04662904950394,0.00350158602222066,1.03328921304919,0.00496007366249306,1.07032512712376,0.00312242980510277
23,0.977256796560608,0.00994119031365703,0.960126171489461,0.00154709114568416,0.961200547322223,0.000221230808045146,0.957894951618935,0.00277259369443147,0.961848844503222,0.00184051335518428,0.947923013468349,0.00208257270651386,1.03894591308027,0.00597061311478359,1.03694144217442,0.01443596841872,1.04789869316789,0.011558312449242,1.05296369892968,0.0032529868587016,1.03962943180982,0.00521652699443545,1.07827289325046,0.0028282954346866
24,0.975167593986973,0.0091227308563072,0.958815328476001,0.00127522542407156,0.959336331306255,0.00029742369206894,0.956414768912907,0.00257954980577783,0.95859683556045,0.0015046175806539,0.945236746273877,0.00180148539577432,1.0448542755131,0.00609912072956361,1.04335632973523,0.0142990009370371,1.05437411325048,0.0114235500404636,1.0593896370403,0.00298015001200597,1.0460035858922,0.00548539432711234,1.08601870217992,0.00254180360927341
25,0.973377840701392,0.00811006897966351,0.958009976194463,0.00125735918543299,0.957926242049543,0.000694942596510883,0.955268415307617,0.00245666256205103,0.955849373149652,0.00129685725732641,0.942505974261868,0.0015340270087153,1.05068425727597,0.00627580584939666,1.04982589129042,0.0141564273322223,1.06082809890903,0.0112514870593552,1.06588447279143,0.00268953524693798,1.05243618779643,0.00574160822572665,1.09347456446602,0.00226356923928983
26,0.971863925047554,0.00700386216759696,0.957643946272901,0.0014793227321423,0.956906647983107,0.000999188945719376,0.954339050742016,0.00239431603586002,0.953524294154592,0.00117404282334616,0.939660896704437,0.0012856400255297,1.05643129093993,0.00647410095481585,1.0563511970063,0.0139697038369809,1.06726257429946,0.0110183967758557,1.07239969782525,0.00240386774004869,1.05894589908777,0.00598177078334599,1.10048297701872,0.00199008064142646
27,0.970614985304599,0.00586757079517852,0.95761354756178,0.00178033123568861,0.956201860599914,0.00121133426630966,0.953519188755871,0.00238184006314077,0.951514701391239,0.00104132870059526,0.936629784010342,0.00106171186167279,1.06206836699421,0.00666274544716912,1.06288826774567,0.0137006431490603,1.07365743043942,0.0106995505635272,1.07886078930636,0.00216886734650986,1.06554579703956,0.00618229168031929,1.10687439128086,0.00176246676036211
28,0.969595811521293,0.00475433423076494,0.95781471049557,0.00204603919028579,0.955728372020039,0.0013453697339849,0.952715543090288,0.00241133755898224,0.949710255239924,0.000856352107428611,0.933336116803562,0.000864902129871459,1.06754611855207,0.00681158041356602,1.06936820007799,0.0132988974640646,1.0799612018022,0.0102732958790378,1.08516815276669,0.00205846915638805,1.07223026088212,0.00631218533434262,1.11245802837254,0.00164431985602897
29,0.968741872607411,0.00372937292282449,0.95813990098281,0.00222813320601796,0.955398888535307,0.00142132358480723,0.951848442741362,0.00247897287945666,0.948018763582309,0.000669908210604696,0.92971038682648,0.000700805238755687,1.07280777700088,0.00688644328572728,1.07568800834065,0.0127307576682204,1.08608783085709,0.00972451745727397,1.09120155277947,0.00215203281200521,1.07896742671912,0.0063436200426905,1.11705783420457,0.00169388809567386
30,0.96800253673858,0.00284582688113167,0.958475697736649,0.0023190198646887,0.955125345300995,0.00146017332528476,0.950848110883999,0.0025834269049442,0.946380686224422,0.00063151705274727,0.925703480744981,0.000587645004520243,1.07775455342729,0.00682005891584533,1.08171262771041,0.0119960123632955,1.09192109281163,0.00904698311723248,1.09682864084876,0.00247456550279703,1.08569362423306,0.0062542527742155,1.12053705139258,0.00190212235157412
31,0.967312355428826,0.00214286209115124,0.958705639887767,0.00233782223117005,0.954811273458206,0.00147525255371335,0.949651015636923,0.00272258421511373,0.944769998541899,0.000836380471064872,0.921297413590102,0.000562110887448317,1.08230374092725,0.00658201948434421,1.08729696668585,0.0111026021221627,1.09728578772546,0.00822914717889981,1.10191617831484,0.00297829086660288,1.09230993067017,0.00602988304864657,1.12281998365204,0.0021963100766246
32,0.966618251775772,0.00166655960741842,0.958721127574883,0.00228962691653723,0.9543644696387,0.00148868316305786,0.948198272631931,0.00289051951544859,0.943179469415054,0.00119633070623623,0.916510276707093,0.000648329587036216,1.08639134891696,0.00616077514250724,1.0922769233175,0.0100487466868814,1.10205096456258,0.00732184486093404,1.10634007855201,0.00358929263750184,1.09868173516986,0.00567111323624751,1.12390469388648,0.00249818076857293
33,0.965848193598553,0.00147131255802864,0.958400781411669,0.00219908048935999,0.953698016420302,0.00151675304284751,0.94643690547953,0.00307676438613708,0.941595906255701,0.00164512014941178,0.911397835628634,0.000823134769047968,1.08989583966987,0.0055086577826552,1.09645619862423,0.00885187197717442,1.10609560084075,0.00635318078571135,1.10999500522232,0.00424131678580289,1.10464776030317,0.00519606514666363,1.12385944552454,0.00275672638209243
34,0.964950844414905,0.00154064800510817,0.957672961190736,0.00209562501303085,0.952729619870726,0.00157577084229777,0.944321191789727,0.0032712650260581,0.939977767964095,0.00217200328560738,0.906048529586727,0.00104688021424529,1.09278569460202,0.00465153959483039,1.09973937781112,0.00765006441657468,1.10931710840168,0.00537026859088691,1.11279481190505,0.00489288602170418,1.11003011597853,0.00464345444526237,1.12280893039448,0.00294948973759332
35,0.963895102072212,0.00181331165413836,0.956477720664432,0.00198910524501209,0.951387462953049,0.00167842480881134,0.941822782661845,0.00345856790813558,0.938246620170062,0.00277360614159188,0.900573335727774,0.0012898207117275,1.09503266275139,0.00364717026561598,1.10205638814024,0.00648786041295606,1.11164673861085,0.00442728364895286,1.11469055980487,0.00550204740666951,1.11466096954253,0.0040526861732559,1.12091453180098,0.00307488572652957
36,0.962612407882911,0.00225330711258869,0.954784501116062,0.00189168626925672,0.949618415242322,0.00182759280159147,0.938934379256585,0.0036264554652052,0.93630243498011,0.00343478006203653,0.895095284138138,0.00153081909149275,1.09656197331824,0.00253691947600596,1.10338944439844,0.00539341183876205,1.11305285130955,0.00357752838095429,1.11566364702477,0.00603826952384725,1.11839915975042,0.00345869320180478,1.11835260383686,0.00314521592396739
37,0.961097889956351,0.00281245592046624,0.952554160340994,0.00186337419021943,0.947395320127757,0.00201495655926027,0.935673222526647,0.00376944481628386,0.934046393101911,0.00412722358123576,0.889741506874871,0.00175383617931399,1.09744714615287,0.00147373635599468,1.10369096983658,0.00436922916626292,1.11353999627574,0.00286594956812139,1.11572070945223,0.00648763900900808,1.12113867209493,0.00289261502763395,1.11529432881842,0.00317904161102403
38,0.959334597577531,0.00343488443306633,0.949813315987216,0.00186343936657563,0.944721743088294,0.00222478325487106,0.932082412240459,0.00388792852226164,0.931403181872091,0.00481390138055399,0.884636600110576,0.00194655304480424,1.09769839039047,0.00103868385026671,1.10303004743022,0.00350721706071337,1.11314291348352,0.00232160205845746,1.11489110335585,0.00684629566376593,1.12281633824208,0.00237588817109068,1.11189275872602,0.00319467064458727
39,0.957300450864311,0.00409554683427978,0.946643648563627,0.00192154528429674,0.941626863913669,0.0024361600049522,0.928229320251557,0.00398678899421343,0.928336545041446,0.0054555004549789,0.879899302547228,0.00209908252298433,1.09733893101484,0.00179244857412962,1.10153805158751,0.00287336655105641,1.11190154504965,0.00194208812562299,1.11322159188855,0.00711759172837288,1.12341183899412,0.00191615923385287,1.10827655700409,0.00320854936111023
40,0.955039240958713,0.0047479842412699,0.943142582066815,0.00204024308557788,0.938182114977028,0.00263441313996071,0.924202383267035,0.00407243462753471,0.924854365087588,0.00601947582735017,0.875639177129673,0.0022042860956105,1.09648845763581,0.0028457883878479,1.09935501461171,0.00243690988349294,1.10989265486238,0.00167624712779462,1.11077235234695,0.0073097852849014,1.12294233213967,0.00150610873903217,1.10454556192612,0.00323437691376397
41,0.952559145498212,0.00532490183778025,0.939406152118535,0.00221872857309988,0.934480779100546,0.00281632517169635,0.920107207450524,0.00414972753302066,0.921004808490498,0.00648384376087373,0.871955378509776,0.00225565565221119,1.09516678857723,0.00382007348549302,1.0965767921189,0.00213909924376664,1.10718226615327,0.00148369219337795,1.10761365823349,0.0074341965120612,1.12145436348175,0.00113267404661862,1.10076942740095,0.00328189734976195
42,0.94992091311302,0.00580715121730906,0.935571597741894,0.00240176971405824,0.930652944794115,0.00297498104062392,0.916061911895551,0.00421798110388003,0.916871576511952,0.00683794929481159,0.868937953390164,0.00224712724203749,1.09346434349954,0.00471013660465086,1.09336112648335,0.0020111901183595,1.10389188247321,0.00130080812267321,1.10382333137372,0.00750377773405261,1.11901698531712,0.000801114838345005,1.09698929088818,0.00335571191591235
43,0.947191882289242,0.0061628144632844,0.931782230618154,0.00257497461720247,0.926822058172788,0.00310938804039559,0.912194127073878,0.0042702306970782,0.912567700793225,0.00708209138587688,0.866669303513375,0.00217259793026463,1.09146333212498,0.005479900346942,1.08982154570676,0.00200223047177246,1.10010845533008,0.00108773770475294,1.09948518613569,0.00753197282975721,1.11571714792791,0.000598143165127042,1.09322100127456,0.00345465721359275
44,0.94443095667779,0.00637320309313923,0.928177642924063,0.00271613742808013,0.923117686819101,0.00322280400989132,0.908637552748729,0.00429301571954876,0.908230449668704,0.00722627618158363,0.865219966425374,0.00202775943175575,1.08918589601685,0.00610769529803219,1.0860943224105,0.00204133105131713,1.09592133411213,0.000828250196730644,1.09468809266176,0.00753172815151141,1.11165669512001,0.000711840914320744,1.08945876517599,0.0035722822261929
45,0.941741152654481,0.00642243810192428,0.924920188472743,0.0027498353907097,0.919671526515161,0.00331954565023208,0.905530126061508,0.00426819779701491,0.904014630700581,0.00728794217322645,0.864659636383633,0.0018074024561429,1.08669444114239,0.0066505280194883,1.08228018274969,0.00210500934049009,1.09142177186921,0.000548351372524979,1.08952510292904,0.00751473726295136,1.10695039461884,0.00109163715290465,1.08567917024752,0.00369856315439206
46,0.939188728131003,0.00632614579366721,0.922130572747298,0.00267240217723122,0.91661567529035,0.00340442822334758,0.90301310182368,0.00417544405412804,0.90008714348538,0.00728804777705076,0.865105312387661,0.00149539911207891,1.08400852763813,0.00711533622301106,1.07846719704226,0.0021896352956275,1.08670202831519,0.000438135387385087,1.08409233625962,0.00749085484449872,1.10172445628893,0.00158679299427117,1.08184592119456,0.00382259858674366
47,0.936864060867488,0.00610556071501495,0.919953701860858,0.00248406706047186,0.914099752926009,0.00349804149440461,0.901229213119418,0.00399476774855925,0.896621686795024,0.00724547366603255,0.866655372225167,0.00116473579871942,1.08111713353145,0.00750307550791567,1.07471802338339,0.00228790769347353,1.08185136873249,0.000748625276338595,1.07848769077038,0.00746731362288731,1.09611469081045,0.00214312033646762,1.077915446629,0.00393574426376112
48,0.934857141869598,0.00570207791249747,0.918507659418807,0.00213717456093907,0.912243826317247,0.00359441832303627,0.900318742081512,0.00371443899031001,0.893794904807042,0.00717330357119861,0.869317100054398,0.000991533087652703,1.0780376686755,0.00785674713655647,1.07107980783488,0.00238139176433608,1.07696690599331,0.00126261669796752,1.07280920892643,0.00744728035229105,1.09026291163864,0.00274778690149403,1.07384328521893,0.00403383815996764
49,0.933234710628816,0.00517138133370558,0.917947852759498,0.00152599847370062,0.911167521868617,0.00368872211261892,0.900411640588742,0.00333906256588952,0.89177942852846,0.0070782246093628,0.873067488012359,0.00122960262110614,1.07476439274968,0.00815820791899376,1.06756058121615,0.00244723312511161,1.07213003454208,0.00184368412208673,1.06715273631331,0.00742803079542175,1.08431043986965,0.00340287595698324,1.06959152616258,0.00411742963475259
50,0.932088001212082,0.00453902657857074,0.91828848208735,0.000763409808718054,0.910984310538626,0.00377626428884341,0.901617312808737,0.00290286438710515,0.890734620125109,0.00696131042289708,0.877859417764209,0.0018305225629002,1.07129795427282,0.00839621889732266,1.06412929718749,0.0024309141454317,1.06740830657944,0.00244071440132201,1.06160893859505,0.00740019920003961,1.07839019931331,0.00411451317321655,1.06513715028269,0.00419041918151826
51,0.931509340490043,0.0037165045545882,0.919633579553358,0.000504341568583107,0.911850848512925,0.0038188913092193,0.904045619549136,0.0024545961301332,0.890804745951749,0.00682283745397388,0.883660130699886,0.00262104942550336,1.06768178363271,0.00855803016936539,1.06075768081101,0.00228395644487837,1.06286132239338,0.00301352958846817,1.05626298417581,0.00735203818140107,1.07262131718547,0.00488223613361841,1.06047368273577,0.00426373491717064
52,0.931580479565871,0.00283818306052688,0.921967483850405,0.00139955720957062,0.913784905586775,0.00384706051752251,0.90772611445842,0.00217101268959957,0.892100731698532,0.00663520970519784,0.890357746114531,0.00350550022768933,1.06395408444973,0.00857855479012552,1.05739499289854,0.00197542114944915,1.05851820605686,0.0035120433770287,1.05118142140765,0.00726776746602641,1.06710322752404,0.00569148942151747,1.0556358829539,0.0043443855289351
53,0.932372209454376,0.00193940345773989,0.925343752889022,0.00256789608309402,0.916817005701244,0.0038669484534012,0.91264353409451,0.00230153808063861,0.894718982322637,0.00638568828265556,0.89787248074211,0.00443340021444554,1.060219903159,0.00841567472640882,1.05397480867342,0.00145355312931257,1.05439967720974,0.00389806469416079,1.04641212039884,0.00713771081964684,1.06191024763546,0.00651367213475017,1.05066917952888,0.00444021192148352
54,0.933972714990911,0.00106755245291446,0.929642392740547,0.0036964989651544,0.920938954892149,0.00388829734951112,0.91872533799186,0.00283561599624169,0.898683997108202,0.00608407961585031,0.906116348720965,0.00535824875183331,1.05663217112236,0.00801400345039982,1.05045464425001,0.000732970255425661,1.0505089691738,0.00414509180258233,1.04197376738953,0.00696167026956151,1.05708524815712,0.00731376768005218,1.04562293120114,0.00455216899347347
55,0.936477370796303,0.000973005379389055,0.934769108689035,0.0046527071847512,0.926109897246052,0.00392261095537651,0.925811176546256,0.00353849129857722,0.903944801168438,0.00574513325345263,0.914986360698423,0.00622929685773626,1.05328191005782,0.00744570107903784,1.04678388813705,0.000236322482047706,1.04681918027684,0.00424294039039853,1.03784817588927,0.00675023266801362,1.05263285804873,0.00806015981281455,1.04053585976832,0.00466934259152823
56,0.939827948083136,0.00168541118748094,0.940550080683558,0.0053933894931989,0.932186714467735,0.00390646045938837,0.933684583618986,0.00421434865161447,0.910376651895147,0.00538553594494411,0.92435971940377,0.00699307497496159,1.05018921485968,0.00678537445098428,1.0429081053949,0.00134444957403818,1.043252915645,0.00421022447063346,1.03397918320931,0.00652218734964308,1.04851616476363,0.00872941472374511,1.03542550678722,0.00476673879354494
57,0.943978048208082,0.00252288296886905,0.946815079949075,0.00586822023698933,0.938998540681247,0.00383474329581932,0.942092352677763,0.0047416852638374,0.917794055922567,0.00503905111108828,0.934095641658918,0.007599573082556,1.04724856582894,0.00612017785460111,1.03875030181964,0.00268169572654603,1.03970788871112,0.00408440303798832,1.03027923037987,0.00629903512459552,1.04466003211187,0.00930493849372792,1.03028363875134,0.00480697420330343
58,0.948822612418597,0.00321742749106406,0.953374127776832,0.00603497709844769,0.946318639543623,0.00370022096571344,0.950768185434657,0.00505249823301331,0.92596557541245,0.00475997312463677,0.944044238359893,0.00801054363115825,1.04431014190644,0.00550457264913493,1.03428356057512,0.00412085258474477,1.03606220952838,0.00393397467064251,1.02663956009587,0.00609883380155253,1.04096089046974,0.00977392362266166,1.02507778474998,0.00474714340123022
59,0.954109989278154,0.00377993205051183,0.960062929605383,0.00593345520775138,0.953904503561322,0.00351451090761578,0.959458274050742,0.00512449342002255,0.934635318118843,0.00461111082393929,0.954059334734568,0.00820770171576951,1.04118261673135,0.00502708296412918,1.02944042065292,0.0055555677400059,1.03219710127167,0.00384349167404261,1.02294101081226,0.00593134863144725,1.03729985324224,0.010125596509574,1.01975924339874,0.00455029525509676
60,0.959660492904582,0.00417722756000974,0.966698464447913,0.00567470572615127,0.961527690023392,0.00331215603024823,0.967944583201599,0.00497733254158174,0.943549215794214,0.00463476032694828,0.964011356749372,0.00819756988752998,1.03770339692265,0.00479834693084491,1.02422690609305,0.00692036857623583,1.02801665345556,0.00387823084519599,1.01906601136172,0.00579540330157422,1.03355581175875,0.010350415927379,1.0142771143474,0.00419752978962856
61,0.965306694735761,0.0044413780787773,0.973147264084734,0.00533677835573444,0.968976471794158,0.00315225311483656,0.976061858604647,0.00466357080342943,0.952480459173372,0.00482802046251842,0.973797935807155,0.00800905660981052,1.03381197573528,0.00482052656793456,1.01866571440651,0.00817553359296294,1.02343445030382,0.00403509624143797,1.01491234163491,0.00567902857784562,1.0296170899479,0.0104395034656337,1.00859513628054,0.00369492314058808
62,0.9709124173735,0.00461377014081553,0.979352601706168,0.00504486442665079,0.976103408394932,0.00306145568892191,0.983705683524704,0.00425306692243873,0.961247839280543,0.00515193660651579,0.98335096839225,0.00768361405903276,1.0295236202572,0.00507829874255026,1.01282169669707,0.00924645636243055,1.01843633128965,0.00429996141694749,1.01040693069436,0.00556267706881659,1.0253912550503,0.0103850084176874,1.00270596889256,0.0030733210786127
63,0.976422465011444,0.00472989927740057,0.985271221169717,0.00488669457108023,0.982822183394005,0.00305531288557956,0.990831398638745,0.00381577528006804,0.96972339488046,0.00556567612462996,0.992638185314544,0.0072646212400308,1.02486217230886,0.00545823576916252,1.0067562204848,0.0100764600690234,1.01303251413018,0.00461080594962168,1.00551686851755,0.00542324555568084,1.02081294472167,0.0101828195581519,0.996639153241683,0.00238270204013702
64,0.981836806647676,0.00481265877299895,0.99089968682943,0.00492402470319241,0.989108533461731,0.00313766792083661,0.997446175842936,0.00340922984854049,0.977830715832306,0.00605001381754145,1.00165863255062,0.00679258788628443,1.01992581081817,0.00579942064258486,1.00056015708457,0.0106241137811984,1.00727329727836,0.00488901278837793,1.00025621176027,0.00523567796965605,1.01585062114115,0.00983728860742612,0.990462106180101,0.00168414888519444
65,0.987205707794952,0.00487196017755681,0.996306582775446,0.00515073041621386,0.994979924733449,0.00329918950065789,1.00359798341852,0.0030737428783953,0.985537973626182,0.006604576652515,1.01043540691487,0.00630536127748581,1.01483703481481,0.00602382924822668,0.994391529032709,0.0108286722521943,1.00123582852474,0.00507655040853205,0.994688903707333,0.00497275719627099,1.01051276278207,0.00936521839717453,0.98427482529011,0.001047766592806
66,0.992591619513257,0.00490210383303934,1.00156134809821,0.00555737843848647,1.00049192857677,0.00354050957986153,1.00936475303559,0.00283411171309427,0.992848717630557,0.00722950862720756,1.01900246890596,0.00583217179967769,1.00970560232592,0.00605028817895908,0.988358746884148,0.0106993220661161,0.99503060625219,0.00513078783746186,0.988927418264282,0.00460729170481511,1.00485130080075,0.00879629192869528,0.978198860957786,0.000595724546545374
67,0.99803444742982,0.00490350085495714,1.00673541884118,0.00612700277631851,1.00572197103527,0.0038730154366159,1.01484461358945,0.00270356242218304,0.999791297283516,0.00790954197435558,1.02735793955494,0.00537450992505022,1.00462276298955,0.00586711828103394,0.982583474547777,0.0102524858040263,0.988795772116249,0.00502991205661222,0.983125347750905,0.00411874376587195,0.998959125648535,0.00816914072282888,0.972361712492347,0.000592386365934667
68,1.0035765440724,0.00489841165593554,1.01190027458603,0.00683255198513734,1.01075862764465,0.00430825880340318,1.02014962646753,0.0026891376655341,1.00641160458784,0.00861148638429724,1.03549332466124,0.00495417655590314,0.999689894193585,0.00548869299829957,0.977186846987386,0.00953969064482232,0.982686040852675,0.00477757257951008,0.977462919206054,0.00350192459082357,0.992963366901319,0.00752256645725263,0.966878584812611,0.000903525390938959
69,1.00922211906908,0.00491487304257424,1.01713243887799,0.00765084159588592,1.01569979576179,0.00484922104353293,1.02539629271563,0.00278930958313887,1.0127718935121,0.00929553228750033,1.04344179431112,0.0046257349450954,0.99497718489806,0.00495324308680951,0.972311851929301,0.0085583686859393,0.976857922239957,0.0044044783547369,0.972118200325422,0.00277987586796219,0.987013413361844,0.00688667282899271,0.961834556167882,0.00124226342608543
70,1.01493610531494,0.00497539656096599,1.02245976711882,0.00853328731754372,1.0206457347346,0.00548454993723894,1.03068161618492,0.00298242230520649,1.01894316084731,0.00992593614702897,1.05125640744674,0.00439884564870269,0.990501838107627,0.00435389411290071,0.967979478248026,0.00744728283467034,0.971469982006139,0.00393817092497828,0.967244774223089,0.00200137610224769,0.98126463715581,0.00627785973082772,0.95727112069672,0.00154606960704479
71,1.02068231399364,0.00508497819695874,1.02789320274751,0.00945208725855436,1.0256704062445,0.0061865834466479,1.03606069690231,0.00323906787329033,1.02500404264141,0.0104806250064082,1.05896967846483,0.00426671994858623,0.986295660163897,0.00375925464029214,0.964214505309167,0.00627706549945181,0.966661765687175,0.00348811442341412,0.962951666252068,0.00123221146019316,0.975861408053552,0.00569997518085807,0.953180713480754,0.00180432679674552
72,1.02640687910744,0.00522780999110314,1.03343978020597,0.0103631724930015,1.03082571089913,0.00692688976534587,1.04157982009179,0.00354108650800234,1.03102779651434,0.010946209452659,1.06658316679175,0.00420628399728251,0.982361730816861,0.00322995195184323,0.96104093468221,0.00513241005632392,0.962477542444236,0.00309945325461909,0.959291485254639,0.00054458029217525,0.970919198429317,0.00515286845845695,0.94951164839584,0.00201454079235583
73,1.03206370304947,0.00537735473732361,1.03908110884527,0.0112183090791606,1.03616378901541,0.00766438964337935,1.04729042437315,0.00386174382153555,1.03706437181193,0.0113056247416493,1.07405621128752,0.00417554347619721,0.978678733615923,0.002805976064577,0.958431089790238,0.00400228729542414,0.958947717135758,0.00280415021962877,0.956258528363437,0.000133853770315026,0.966511516588586,0.00464167375925982,0.946183212059197,0.00217941824552109
74,1.03759748839124,0.00550793925305375,1.04479042224678,0.0119488957669825,1.04172182286096,0.00835796955148263,1.05322112102607,0.00417255489261989,1.04316441194785,0.0115674470061477,1.08129725205482,0.00412381042096395,0.97524915190051,0.00249943616658308,0.95631878439682,0.0029927906679956,0.956064885096527,0.00260489991156057,0.953796201792215,0.000447807829144791,0.962664203337774,0.00418048929322512,0.943104180169304,0.00230880962718151
75,1.04297553106288,0.0055824481091549,1.05053644371918,0.0124847975379161,1.04751819569021,0.00896740239223897,1.05937050316432,0.00444638972734811,1.04937014068348,0.011774404740807,1.08816724601981,0.00400454928833973,0.972073510035647,0.00226824708609054,0.954656909446774,0.00214712410803876,0.95378858134533,0.00248130444758655,0.951811400542507,0.000653413715874912,0.959356409638017,0.003787325995349,0.940185586748843,0.00241683515203663
76,1.04818484596487,0.00559908041977517,1.05628770617672,0.0127410370043328,1.05354568911295,0.00945297484467455,1.06570528258229,0.00466112994188438,1.05570662057358,0.0119571859433934,1.09447101199411,0.00378644519356876,0.969148760237613,0.00209571984554387,0.953394489736542,0.00149123035687427,0.952051599153766,0.00240376270451599,0.950192285314402,0.0006968563092669,0.956527590866261,0.00347223972312461,0.937345487155403,0.00251719528372332
77,1.05320573960898,0.00552722952966833,1.06194554038091,0.0126079153654485,1.05976630083978,0.00977705991433635,1.0721605114797,0.00480189020884832,1.06218295326942,0.0121150154338411,1.10003082302163,0.00345448983986902,0.966492302541135,0.00196599270622995,0.952416319453742,0.00103315855926812,0.95076865715582,0.00234577248938335,0.948825484513357,0.000614528982560717,0.954090706924205,0.00322685741782361,0.934501599681789,0.00262411902377253
78,1.05803381001807,0.00534645156383095,1.06746286782797,0.012068348482331,1.06610248382613,0.00989604974208665,1.07863974624514,0.00486147216293514,1.06877773183345,0.0122337040849527,1.10467495776233,0.00301599360035596,0.964120501634868,0.00184103542777995,0.951631882282205,0.000829661355086356,0.949849309431106,0.00228947972693874,0.947609129361545,0.000470587168890903,0.951950134197797,0.00302525648027404,0.931577805299502,0.00275166003657733
79,1.06267399939614,0.00506905261789971,1.07276416651868,0.0110974418013476,1.07245312503983,0.00978676014828963,1.08501907905509,0.00483976856687843,1.0754370495459,0.0122876596235624,1.10827473687426,0.00250101981182919,0.962020564809352,0.0017502391793376,0.950957599679288,0.000909430342503173,0.949186376571029,0.00222987113186892,0.946458907083341,0.000377235987191243,0.950018443925874,0.0028357386989487,0.928495875879515,0.00291432354545865
80,1.06710493603034,0.00466996414739536,1.07775324750028,0.00971104814620693,1.07869240426033,0.00944077623999219,1.09115445922963,0.00474286481853142,1.08207416871591,0.0122427597521375,1.11076419156657,0.00195764784837191,0.960176339504765,0.00167813721748399,0.950318223675067,0.00121138268453802,0.94868792473512,0.00216458479180581,0.945306473521687,0.000466066595435593,0.948225378646486,0.00263411175894744,0.925177310683715,0.00312249797584366
81,1.07130042778714,0.00416021008696089,1.08228940972631,0.00786990545954692,1.08466313830744,0.00887791743436425,1.09689285553115,0.00458211761381632,1.08857173470585,0.0120605022819352,1.11214476501943,0.00144630174006878,0.958557433545968,0.00161539633422327,0.949607366088805,0.00167776799325089,0.948269414014112,0.00209671167161876,0.944093045935624,0.000697713664002901,0.94651643004449,0.00241173125485123,0.921550211456462,0.00337735317995959
82,1.0752401581464,0.00357663120458176,1.08633229640241,0.00572973764667803,1.09021248515703,0.00813361208139522,1.10208324486291,0.00437342024430562,1.09478735525918,0.0117071061317675,1.1124761821293,0.00104766043143787,0.957108248102475,0.00159728972184099,0.94877399266873,0.00226416840875998,0.947840575444957,0.00203385939883117,0.94276249308774,0.00100139420086309,0.944843024962863,0.00217845214731132,0.917558866067147,0.00366901972062004
83,1.07887624147453,0.00289767241639868,1.08980197449469,0.00340386532601571,1.09519544055605,0.00726688596809727,1.10658800078199,0.00413683645173527,1.10056339362402,0.0111606815754588,1.11185945329135,0.00086636896975044,0.95576947721439,0.00159858312361709,0.947765189883691,0.00295652030307182,0.947324107539045,0.00198683241257198,0.9412569925877,0.00136868122889435,0.943150284636637,0.00196432609077148,0.913174106035172,0.00397677513969978
84,1.08214520310449,0.00217149607782834,1.09260115831423,0.00116577682668978,1.09948302891288,0.00637175408002225,1.11029232823731,0.00389504219162683,1.10573965085348,0.0104159681476667,1.11041486281175,0.000935809027195889,0.954486214199971,0.00162113412171867,0.946528925109897,0.00372353416176979,0.946645006585686,0.00197103396703764,0.939516840531173,0.00181174425948493,0.941369139379466,0.00182151793113925,0.908402593188788,0.00427143376375034
85,1.08500047620235,0.00145874198827328,1.094617079339,0.00175896555339151,1.10295931235452,0.00557218028367158,1.1131103284818,0.0036709918571764,1.11016632343242,0.00948426497908717,1.10826350603467,0.00113953719749479,0.953205874901979,0.00165927695706101,0.945005594232862,0.00456195326794414,0.945726866478248,0.00200791907725546,0.937483935990463,0.00233972564408543,0.939416181736611,0.00181800897352227,0.90329111384293,0.00452180060297903
86,1.08737476901135,0.000785225385163052,1.0958850443412,0.00396246645678227,1.10554363352788,0.00504179769054102,1.11498758707087,0.00348423326336402,1.11371420813479,0.00839073347130964,1.10551775748776,0.00137284734665625,0.951885481327726,0.00170809497505761,0.943198694887877,0.00540364999869669,0.944500781316241,0.0021196221428478,0.935107990869088,0.00294917395600572,0.937201362444043,0.00200635198476849,0.897924189238852,0.00469949743425869
87,1.08919580935839,0.000575101879289116,1.09640241553822,0.0060190751716013,1.10721337089685,0.00493328622494461,1.11590012539163,0.00334731945855122,1.11628148950718,0.00716965023436755,1.10227799234893,0.00159764962231074,0.950489907419338,0.00175939883974008,0.941099693420361,0.00619509845710822,0.942923192450299,0.00230472733573784,0.93235450495632,0.00362141606294907,0.934639549308755,0.0023872535927354,0.892418732823197,0.00478100351630312
88,1.09045852301598,0.00100580784924765,1.09615647646006,0.00777870169850585,1.10795411353716,0.00523566208508508,1.11585010421416,0.00326345788966392,1.11779759214539,0.0058586748127364,1.09856681111322,0.0019221444958188,0.948994873304487,0.0018053746405482,0.938699221163784,0.00686273363720925,0.940962175883994,0.00254155822200849,0.929210906019319,0.00432562180981816,0.931663384123045,0.00291786379963829,0.886916743428339,0.00474927674623742
89,1.09112082081161,0.0016030416609925,1.0951690156841,0.00922645168470477,1.10777717018379,0.00580911020353932,1.1148600250776,0.00322801009630076,1.11822464255735,0.00449459135944164,1.09441542347966,0.00230288649066125,0.947366546286499,0.00186103402502746,0.936014104970179,0.00734646823127619,0.938609939386439,0.00279233562940209,0.925690612799112,0.00502419791816777,0.928235381624323,0.00354026272215705,0.881576126053847,0.00459411823203104
90,1.09115551371628,0.00212991219498876,1.09352254966468,0.0103281855986016,1.1067148197258,0.00649679147593094,1.11296881866633,0.00323221441436828,1.11755747038772,0.0031105100739933,1.08990329686527,0.00238417171526442,0.945569748324826,0.00190280733042825,0.9330913369456,0.00759228991875086,0.935885655295973,0.00301314952338141,0.921835550707068,0.00567894719838958,0.92435538830417,0.00419553666049685,0.876562189898869,0.00431206114109515
91,1.09063286455611,0.00258936893109932,1.09128871128134,0.0110903612140644,1.10476799054309,0.00715339457498751,1.11023090035227,0.00326628772461259,1.11582309626191,0.0017365329569962,1.08548483180833,0.0023613361839666,0.943597961364804,0.00192940155328673,0.929984927805584,0.00756260068343241,0.93281897125029,0.0031484058705444,0.91771713753265,0.00625324114820023,0.92006434113934,0.00482755976364456,0.8720386461972,0.00390562724148051
92,1.08953884763399,0.00301607251461037,1.08854987193234,0.0115335597304451,1.10205476848728,0.00774525293152443,1.10671731228214,0.00332055013597326,1.1130801509983,0.000420191369330611,1.08138947502686,0.0025290437511887,0.941428372904233,0.0019427321888029,0.926767500930668,0.00723270672883892,0.929512003747353,0.0031812579993635,0.913434484160536,0.00671378083939506,0.915443867224564,0.00538238386830675,0.868162505773778,0.00337985853221708
93,1.08791510457201,0.00334252849180437,1.08537979100611,0.0116959389702581,1.09864265483481,0.00825434618585391,1.10251759275932,0.00338526479447427,1.10941868291578,0.000907913044583414,1.07731126188523,0.00284727617372169,0.939072517155456,0.00190833362755189,0.923553635575702,0.00655473061836417,0.926073983583631,0.00308135346183039,0.909112494891919,0.00702963252130347,0.910614147854556,0.00580908707830795,0.865081256536702,0.0027424795440245
94,1.08586808214967,0.00362118283884713,1.08189421300192,0.011639255535234,1.09463314292372,0.00865100799236506,1.09774101675139,0.00345073660001546,1.10496051560271,0.00207990270365562,1.07298370072248,0.00305384400408008,0.936584893395213,0.00183735272046627,0.92044131427323,0.00557017556417963,0.922638087424941,0.00282767357982938,0.904897490276907,0.00717457923025205,0.905729292258587,0.00606060852899595,0.862926270476799,0.00200884550110985
95,1.08341240324597,0.00387248351155646,1.07817940465486,0.0114155712764567,1.09013638212323,0.00892322469435411,1.09251581542124,0.00350866100369999,1.09985844012144,0.00312254278344343,1.06865418148172,0.00325103485793459,0.934018380690619,0.00172775944168094,0.917539912902077,0.00429865430180744,0.91935011057759,0.00242766358459045,0.900953355040214,0.00712679571461765,0.900972599414984,0.00609622272780178,0.861821599717033,0.00119404071986947
96,1.08064590222777,0.00408577397724396,1.07432847147634,0.0110818380705875,1.08526989239869,0.0090763496319014,1.08698550005664,0.00355478110466969,1.09429251040327,0.00399094995898451,1.06435105926491,0.00341075219520313,0.931460599657569,0.00159006358434407,0.914972541716882,0.00279016570449942,0.916369624403022,0.00193470440635528,0.897455772171212,0.0068698829576878,0.896548044224424,0.00588198935230858,0.86192552929201,0.000376955380619289
97,1.07765733991906,0.00429081620502125,1.07045199545504,0.0107025669831372,1.08016142215781,0.00912214843986086,1.08130215742966,0.00359270920881932,1.08846212630915,0.00464774204174533,1.06004708218427,0.00351959928919716,0.928994181962175,0.0014396071103138,0.912915556563391,0.00122121800802762,0.913861502972662,0.00153719448894222,0.894587919399382,0.00639110030946412,0.892674308389572,0.00539277918844023,0.863341185213759,0.000909634077963816
98,1.07449308136603,0.00449558411441449,1.06664095887885,0.0103367861522419,1.07494375325737,0.0090758792578609,1.07561678209739,0.00363840997973426,1.0825730085964,0.00506516156839819,1.05571075161101,0.00356783560483863,0.926742891383589,0.00127895712223046,0.911430037282804,0.00163801649020513,0.911989249923592,0.00166320280448454,0.892532743534214,0.00568436229321228,0.88957610552172,0.004609554561242,0.866106359113126,0.00190411378232225
99,1.07124158333937,0.00469027317722771,1.06296664960993,0.0100291724427247,1.06974736259619,0.00895402744749224,1.07006720664511,0.00372263075707898,1.0768196832538,0.00523004810208738,1.0513145774443,0.00354843930995501,0.924778452262653,0.00112077240258669,0.910616357343693,0.00369405542466493,0.910905986525526,0.00246113549928539,0.891465020787399,0.00475724074801069,0.887477270997698,0.00351916428627181,0.87017118228928,0.00285776635812835
100,1.06795164948484,0.00486421479968761,1.05948030519002,0.00981174043419863,1.06469137273841,0.00877240041728541,1.06476546825056,0.00388533310126216,1.07136626698381,0.00514706842541683,1.04684052590772,0.00345675989842156,0.923176707643451,0.00096237682465792,0.910562929729496,0.00599746690246737,0.91074706205603,0.00364635524096865,0.891541756331138,0.0036439201706262,0.886587474778083,0.00211684479530297,0.87543370348166,0.00371623948408962
