Percent_Stride,pelvis_tilt,pelvis_list,pelvis_rotation,hip_flexion_r,hip_adduction_r,hip_rotation_r,knee_angle_r,ankle_angle_r,subtalar_angle_r,mtp_angle_r,hip_flexion_l,hip_adduction_l,hip_rotation_l,knee_angle_l,ankle_angle_l,subtalar_angle_l,mtp_angle_l,lumbar_extension,lumbar_bending,lumbar_rotation,arm_flex_r,arm_add_r,arm_rot_r,elbow_flex_r,pro_sup_r,arm_flex_l,arm_add_l,arm_rot_l,elbow_flex_l,pro_sup_l
0.0,6.181852694265286,8.486181783171611,29.92585726535997,17.835852396789356,8.709024423894629,8.02499000914127,11.070644237644114,22.235509249910564,15.777844360929471,0.05540913346478404,15.605254240441436,15.31116486900417,5.683785988194648,10.585830980656315,10.134887885946496,6.489067089107851,0.05540913346478404,7.971379632244731,9.421410713570435,7.381721150208408,19.066600279631604,19.54052624676094,65.68271589549632,32.41547030907311,26.675492373307744,17.65317084242925,19.573164513362197,28.59595439485724,28.904440816383048,10.050414125868521
1.0,6.747139993003406,8.483130177328865,29.952496224901758,18.92420530028334,8.346357307034058,7.433199410586801,11.3442391454514,22.931240165937513,16.542791854219846,0.052022092191873245,15.802486050391048,15.224146689757383,5.659850577893952,10.814237412735743,10.786161243673458,6.682102716146595,0.052022092191873245,8.676987710901368,9.577848395659865,7.646507457386919,18.781880729119035,20.129327481879663,65.94512279908213,32.9136008772071,26.537079151507456,16.777724688222577,19.92133504315286,28.01916403618941,27.847179591082437,9.642684718248798
2.0,7.373680082566956,8.514681616612595,29.989348503260338,20.24843287750497,8.21866174215541,7.349486814909101,11.73943678244817,23.819907042278974,17.35164427532176,0.048709296501842456,16.052350922083065,15.178789563033908,5.746925678251868,11.081423390132848,11.563716659216984,6.941973184570978,0.048709296501842456,9.512862097449252,9.755874214564173,8.192500717246569,18.63407467967131,20.543584303517193,66.21288487198217,33.383494044713615,26.428988699740167,16.987181186604882,20.209628042149763,27.913166559643344,26.86026543996207,9.628850831047467
3.0,8.043447609952262,8.437637270489905,30.07700450516125,21.458727394973007,8.299851889545673,7.480590345299653,11.843147643371015,24.693053969872064,17.025104757557724,0.045481418439667784,16.414139988026843,14.9830383951324,5.953566902172388,11.254263859957996,12.316636026590412,7.448649062615102,0.045481418439667784,10.49582073690108,9.71865084659316,8.7532133696553,18.52365297490546,20.60402262818319,66.60884515725867,33.635104228770395,26.267366022263836,18.18823725773172,20.407386407564445,28.233855656320255,26.223822222926703,9.87380138909266
4.0,8.102323205408654,8.221369296083394,30.191838430302262,21.783823615856168,8.227084807718201,7.419740909322844,11.439766688719681,24.094482344317946,16.051138977647852,0.04134443102619096,16.168002259145762,14.7886514373386,6.151341916691691,11.299113691693028,12.664520648116783,8.123557247344278,0.04134443102619096,10.564884453092422,9.54180174856629,9.067702055992914,18.180880246220518,20.08197005645757,66.7422639562713,33.42895776930398,26.122770579719397,19.526799633551075,20.547027134342933,29.96957923222763,26.482937332283225,9.092479087548414
5.0,8.136911101335958,8.065481707578689,30.327980644861388,22.241668339235343,8.315382216814019,7.4058091375275765,11.270088040186716,23.309701187516186,14.905417988716954,0.03751067071728758,15.85876218843242,14.733881306979871,6.38162121956446,11.215325216518995,13.107071590729847,8.82390445318238,0.03751067071728758,10.473013879246215,9.503973220202703,9.432323642601952,17.960829793334987,19.178394532707323,66.82144714867111,32.87952478251575,26.023052975413606,21.297352181356565,20.61542255536714,32.440680282556535,26.89956335520824,8.335949120471431
6.0,8.253103591691243,8.25807073396044,30.362395761514282,21.942145444380166,7.707611177446373,7.5315347609696,11.96232615663415,21.078065591974568,13.321579173529999,0.034028721593494626,15.458726659182329,14.265463747366667,6.603311890720218,11.042810461831955,13.552664319578051,9.615460842431334,0.034028721593494626,10.591357481319571,8.941460227789035,9.465434772726601,18.160480373170277,17.508768549443836,67.54828883336776,31.666794357394156,25.970432185264134,22.004405700706567,20.668344187007044,34.27096109062452,27.498530148180752,7.800478980766307
7.0,8.86035120571844,8.513971972193229,30.43520224691388,22.211006548382073,6.91708055271507,7.138789143522814,13.16351667630047,16.965137634293765,11.70698151415343,0.03161922190766887,15.930336738158731,13.753170819514343,6.946502136285843,10.659369083777156,13.959772606142819,10.333773229802404,0.03161922190766887,10.657676220603324,8.411448561789019,9.433402504804068,18.449808199261412,16.1218120798775,68.07933451903315,30.60997350836766,25.75282049943754,22.053488374431677,20.665747728162575,34.96588845360538,27.349857822729373,7.673945557818974
8.0,9.98057294478823,8.658238921017592,30.461075638769966,23.500422215716366,6.495906971106726,7.029914326462349,14.206467572462024,15.316423422143737,11.306561088831407,0.029487282636661366,17.080821949401738,13.56958915712789,7.429404532949533,10.235929572865913,14.449985088094907,10.797388907217977,0.029487282636661366,11.04759860537087,8.357088414384112,9.20807923339421,18.47696717472504,14.963911286696975,68.35719893578815,29.686526529331775,25.529350726020066,21.22150101219764,20.57190241085913,34.8914011788522,27.14631781135189,7.421952705713611
9.0,10.454874140986739,8.539597802880216,30.445585482802617,23.92002308336013,6.522930054960035,7.1924054573894205,14.55617704489224,15.358552534993816,11.244912928378852,0.027615540256705814,17.726351067189754,13.494442680139196,7.8473496164389855,9.895887234204158,15.034767942613444,11.007962162603368,0.027615540256705814,10.704070936431501,8.617428681246375,9.320118443103386,18.373003832565942,14.431815886822672,68.59101688615962,29.42747868616994,25.433603819037092,20.755975546925455,20.18538318154335,34.896397879266146,26.953940579942813,7.671488374570452
10.0,9.76694014811439,8.395852691733564,30.397637006412054,21.958029816056087,7.008634516127718,7.3264613212151675,14.190065951270139,16.792478474678294,10.99515677660958,0.026585000677471392,17.23203205771483,13.360819202792705,7.952332840552195,9.583507937195323,15.079649698935297,10.959279372923,0.026585000677471392,9.172183947874029,8.846000914440665,9.76205782461329,18.053543698661382,14.138125248952809,68.6287854729941,29.195719003414986,25.359279872096714,20.802029715031747,19.67690317988958,34.92319219021503,26.063700533446063,8.147232383969675
11.0,9.002911890147267,8.179525863176035,30.430117795356608,19.69245132600622,7.246567961107272,7.378185982539913,13.981567226644048,18.06664315178484,10.925994918069362,0.02561438657464528,16.815759773102794,12.903986364372296,7.632905947083066,9.320247339690445,15.019786927005477,10.76608116163948,0.02561438657464528,7.897036624380579,8.636833752420292,10.481342314856922,17.9116167614567,14.565442112725034,68.17967476357659,30.658655676492046,24.897077373626797,20.602678757581753,19.889801346950605,33.93916158166021,24.593634550490567,7.787040276183288
12.0,8.870624757055415,7.99385949605043,30.477765526486692,18.659106981472164,7.468040071605776,7.37870929633634,13.670470565571797,18.889710273839434,11.270714956474123,0.02465939812765891,17.057307161629353,12.264960850238452,7.225505901092795,8.911776947933694,14.743636542458256,10.327578668334878,0.02465939812765891,7.232680060238972,8.209449363626774,10.733369720869566,18.32555385365711,14.453742875320714,66.65524639118202,32.442853048545075,24.60735639527764,20.83452099851339,20.878218025204347,33.61370416696629,22.890119926846754,6.851190023033849
13.0,9.09816429240751,8.13182339483295,30.565939547025895,18.890049887118767,7.997214433944785,7.413257023069091,13.654777932445267,19.904247818861265,11.73058141764503,0.0236702819847867,17.52738575669049,11.878936824617794,6.9469564847719525,8.447665073716163,14.141972247110019,9.874814022877107,0.0236702819847867,7.006304230322303,8.094650691798973,9.927238449575201,19.506412328419657,13.540107550904327,64.61101603729995,33.21752501840858,24.85795128437186,22.01289906764322,23.628709442037103,34.44325217591645,20.977758839491635,5.363426120870573
14.0,9.248821054311401,8.560249069565094,30.703243593833538,19.535467336427402,8.62647257229489,7.424378785612563,13.748004657545202,20.393895961043988,12.006076747921792,0.02268813232549487,17.7510703325399,11.800005975256571,6.82863141509734,8.209582651902954,13.646575136946504,9.613378249771051,0.02268813232549487,6.924736876921751,8.379326728948795,9.447489451625179,21.258429087135056,13.244965666385083,64.34002919301265,32.27718894808853,24.96796981591549,22.037678056335047,25.802411381363804,34.24177609961173,19.219430975369555,6.422685876991063
15.0,9.360617624482378,8.691923384958066,30.78816347559982,19.906001226094723,9.023193845238458,7.953372602830078,13.138774014612169,18.84701242930866,12.193578968903015,0.021732362574398312,17.714923350214722,11.809229144374259,6.7818822250439,7.912070939646915,12.903070844665512,9.350735925795853,0.021732362574398312,6.775155535368721,8.5720038734024,9.300681638953847,23.003552875727813,12.667045590250167,64.05913331847486,30.655320993575053,25.021677686801294,21.66062561948761,27.71351336049316,33.50972952671944,17.72990486423145,8.983133864591975
16.0,9.568361664677719,8.838613322777986,30.510176252806577,20.119782780069922,9.411030809198092,8.898621423831933,12.206152438446114,18.317756809486013,12.148227595495966,0.020878239443238418,17.91756081850581,11.767994674897198,6.69517684684648,7.562285250432838,11.790138467828896,9.0726793988704,0.020878239443238418,6.908180707330647,8.973131288808405,9.476265970958233,24.207833740081337,13.223765204149974,63.63090096612201,30.33476957266293,25.369231067635955,20.94575540816355,28.501409425991813,34.55415213104519,17.430424791674895,10.355152196885202
17.0,9.669736795627765,9.249424870017778,30.113336634509636,20.261493646644666,9.531314915793992,9.993458200863316,11.453754631450298,18.983070195950745,11.914984680963627,0.02003999312347518,18.237079661318635,11.655075245053014,6.369251823255816,7.399691829427501,10.558204962525782,8.71341749635507,0.02003999312347518,7.081163779442069,9.493945723919314,9.665348567711362,23.927421048442895,14.347537355736124,63.29082688827478,29.94462140019861,25.5940032254687,20.469318969667043,28.65686730713873,37.012507263458225,17.520185058110698,10.77109720934792
18.0,9.076241798744029,9.611204082330417,29.58284892324817,19.32717707377055,9.206998234734476,9.163326210354663,11.56587557090182,15.990203322011807,11.566804181050822,0.019268755003141194,18.383299092031933,11.32628107155946,5.466315606853313,7.738633287488899,9.136721989742215,8.281803363744404,0.019268755003141194,6.806885604004483,10.088451788348113,9.959099772827763,22.056406431008554,16.977410064860976,64.35506628680446,28.938265952205,25.733673372166958,20.287454163245968,27.928716684319713,39.48413930259576,17.40944325087282,9.846037720880453
19.0,8.653607520026126,9.112728895503878,29.20420541918571,16.743684179125793,9.110658308654564,8.033711294023139,12.019464888394415,16.106420989745242,11.090968064435955,0.018617768068038016,17.799406985742916,9.963592140171885,5.183666383856274,8.42362019971599,8.007718599992327,7.6809432026596705,0.018617768068038016,6.307733575593913,10.116753418252154,9.27751539609151,22.439645928945367,15.880420539740427,65.38802307841841,28.738631408110784,25.283940227293822,20.489363973457102,26.31630524847028,40.499885686042056,16.685681344378636,8.904577227677297
20.0,8.535783573886407,8.478173967427235,29.063570158986902,14.023852569456237,9.2589485114648,7.120156696682596,12.536367117982614,20.257444145920793,10.366795109550806,0.01796702321427673,17.053939813270144,8.988045177003753,5.270835999317049,9.414817108902499,7.681918621512003,7.124615481471456,0.01796702321427673,5.849243280337486,10.167023560323345,8.199458016502442,23.01080574403205,13.658537863688156,65.91047904899455,29.22173072965974,24.72977713190572,20.833743715685223,24.248689529448683,41.334856288863556,15.987323814120973,8.555912422287523
21.0,7.877836459331424,8.382586020927457,29.637035425080175,12.773459909443897,8.342171397940385,6.2527546561422,13.889985548717847,20.658104664278333,10.40320605223036,0.017317099269103055,16.17402554559835,9.352158242589166,4.816023529489787,10.173482579515138,8.149282560291677,5.689667225363599,0.017317099269103055,5.2472812923373455,10.222048674083748,8.41081151403118,23.148189919399126,12.510586591530904,65.7138054330465,28.799316009754776,24.632140799819968,18.324486980018776,21.285747347883202,38.386943745697465,15.770375999563628,9.946464223727537
22.0,7.515105186488481,8.588637837318734,30.63717174795153,12.906284885372969,8.974793387728116,4.577300854446337,15.295534968100457,21.42017743858495,10.515346207073135,0.01667027647414413,15.385188178773527,10.284318651846256,6.253455744184662,11.10292587995547,9.152510658291664,5.2965372237646084,0.01667027647414413,5.084123127772085,10.110082283313117,10.5439920945338,22.900747962991606,11.676254210338218,66.25950912262297,29.59204568121785,24.422912102076523,16.669773494233493,18.534873991314136,36.11176709480042,15.650652588704746,11.27468629322244
23.0,7.136045007474727,9.184188775437425,31.016629387544093,12.633074282146252,10.196336692651434,6.456391108526206,15.522574795146161,21.141080028633993,10.422711675691241,0.016026104888875965,14.93646197349079,10.538547310016746,7.53067780793876,11.515928128924804,10.367144512144517,5.834447383367502,0.016026104888875965,5.100664226061573,10.147920804471122,12.055893248353021,22.8300215500662,11.132258460459246,66.61760660157567,30.52134561018894,24.276789480887103,16.176037013604514,17.485363968646208,35.24953594456775,15.702097677699042,10.719758279642946
24.0,6.833297924870427,9.71274421924967,31.073514881755607,12.732612081579708,10.624692588434113,8.38179929359681,15.856546423450606,20.05769302691525,10.561760945025286,0.01533883169912846,14.453352011548036,10.396261598479,8.601401111728634,11.688801239223519,11.510555382448532,6.799695903482128,0.01533883169912846,5.332027260805181,9.768993591468941,13.329433815926231,22.59164605435944,10.689598191746374,66.50957099730627,31.776423762083393,24.175190094292514,17.68284912386112,17.91944385321392,35.87911698094123,15.407174963794805,8.770714885670321
25.0,6.58255717992368,9.854253565180478,30.956775518791904,12.71599415263036,10.279855827703729,8.578370829214338,16.05011401036894,19.604766612937382,10.6037238248165,0.014603347621777826,13.901238013856373,9.985645151219469,9.632088716306987,11.351483294914198,12.6524632477611,7.850215688260652,0.014603347621777826,5.775599370133326,8.98310885757114,14.316332915256078,22.49909332157881,10.090191377777952,66.34731519680048,33.15105985684595,24.077056203012294,20.528973880428804,19.29275101129168,37.9309183428424,14.830377541139736,7.012124636511622
26.0,6.532673030107643,9.53677772791778,30.26397407838955,12.21370333569853,8.559698408548403,8.310477665223688,16.345599809181948,19.58563183860808,10.087329317695913,0.013868556130366243,13.119945774547327,9.415129298493836,8.316395321078899,11.220903917996349,13.45109296427728,7.391256772549257,0.013868556130366243,6.651365035879442,7.999543489052832,13.6515840449923,21.808733811872806,9.89537944399665,65.88920924022959,34.26240234808463,24.06689921390853,21.392064932108745,20.912253129019508,37.48505351060555,13.92317000772641,6.497586741952866
27.0,6.559173698697394,9.404239357695014,29.70956694795106,12.083670761449898,7.281272482866838,6.408755260764037,16.4170807865515,19.461574872557605,9.804126472571843,0.01313345698828345,12.769051527165496,8.895617385912335,7.325412791703121,10.6849888169079,13.670102755751337,6.5174459084421095,0.01313345698828345,7.583995998639224,7.367833651732097,13.193466962027658,21.056782017779078,9.845248226629638,65.78250130162684,35.17864178274762,24.08497691902237,21.925683351415064,21.888707208112557,37.235083807470744,13.107633665874959,6.589194810876217
28.0,6.4912281038697195,9.836996066045332,29.36358472833481,11.430531306166952,6.853546857872724,6.962006461165814,16.289628999672615,18.25115223662825,9.85639246743057,0.012401923913980135,12.962574893577134,8.688745696978538,8.524163249612814,10.022538565609693,13.604905399777,6.31872333543025,0.012401923913980135,8.589026670586405,8.018355674262272,13.215574545497624,20.28943362321139,9.916919488114372,65.77987423431215,35.90427946466904,24.121126292389604,22.039559636871196,21.615544855771276,36.82391214514999,12.76304195715599,6.189587589767376
29.0,6.632658603588197,9.982088539251112,29.41479595608557,11.27176982439188,6.570841001960665,9.321841187356517,16.241928573865927,16.841794203875637,9.713490093181143,0.011672233701842923,13.065292139030758,8.439144423339297,9.41921914039277,9.73049174327413,13.714067635483753,6.901882839348832,0.011672233701842923,8.87382384414403,8.35395235581238,13.369650614693091,20.27161666535694,10.083927977714222,61.616063630816846,36.33655177418092,24.401143356261787,16.11721527249663,17.55543267711987,28.74200981802243,13.15662534421705,5.564982824433428
30.0,6.853485517685702,10.051858361349844,29.769884254081557,11.018805662789262,6.363792123260448,9.786511463823702,15.782272287769416,15.60663552446377,9.39531442125069,0.01127679274283667,12.887226824417777,8.212976489269284,8.733231819572163,9.519936732637142,13.887814963573751,6.571063766416332,0.01127679274283667,8.651414568263055,8.375666539397752,13.825388279112104,21.846838519654916,10.49507449098122,60.22550224253867,36.116568307513404,26.199787057879995,14.330737176433622,11.836120680540006,18.352677907001734,14.060186052770822,6.383552274256406
31.0,7.3404235542166365,10.001517093433892,30.064772188401612,11.121605496095944,5.903946696900428,10.001172683445937,15.260664945703114,14.499626705012506,8.959877509070738,0.01111104826072491,12.661475029825363,7.488166041030751,8.64190256395779,9.192359500639803,14.022725631496575,6.493041888511824,0.01111104826072491,8.430804157107618,8.520531419229497,14.692102531206583,21.793360542514833,10.916694708063687,59.79164392243859,35.892560464146,25.941542376384863,16.78792973634464,10.511655463269488,23.375495289669285,14.653993398198127,8.533165707572394
32.0,7.841892411212635,9.922559276799193,30.41825354036981,11.128050206867057,5.5865293655948225,10.183380024244235,14.782391300338826,13.070318469717352,8.680471397699105,0.01094700821771083,12.44086724261922,6.858194888133547,8.415839158250234,9.167398268560024,14.224050878288612,6.4925075150526315,0.01094700821771083,8.223784951601429,8.471830829110862,15.101913344590775,21.366171257947435,11.340935248992501,59.612022143117045,35.155139165560634,25.5038588966322,19.313756907090177,8.892660636987099,23.69921594845038,15.071355309191206,9.91177416738611
33.0,8.259598203666085,9.629912486601597,30.740434236101173,11.152723856738541,5.360043525266671,10.270304544733248,14.619530513387321,11.399914617810891,8.517071760363056,0.01078718631352968,12.227985036142591,6.34196103267821,7.88424228778512,9.242587215385216,14.271994342934137,6.4205489330552155,0.01078718631352968,7.92927853722359,7.972166726723668,14.2698726697789,21.96925781821571,11.594943120342933,60.12325428840599,33.048924861178946,24.836331967470727,15.853422439616615,6.759594749022771,14.939245988564084,15.21179666581747,8.622392870228007
34.0,8.352303398827088,9.242773733835376,30.705982453872757,11.284054595965715,5.105559456441693,10.082419339192692,14.608509926994923,9.962739649260529,8.552693858535626,0.010629026387638033,12.113877606269602,5.826381277909322,7.473769312684134,9.333357934566127,14.111889869715574,6.4749265959569255,0.010629026387638033,7.871924168672112,7.88863951677009,13.95809463037747,22.51879482588542,11.484155274526477,60.23278464881926,33.40834274884198,24.60627380486637,16.96303198652755,5.506430847130979,15.174090033778953,15.834140320151366,7.405561446381157
35.0,8.356077934201927,8.941923320952881,30.55056164737593,11.56062405956391,4.938840164372448,9.741121327516948,14.412218303146068,8.9260560167277,8.842461662611587,0.010470371783557194,12.035585263234191,5.3874074882354055,7.079984531242213,9.643509825957436,13.873715948405883,6.576752662758349,0.010470371783557194,7.899431891854738,8.159361646006985,13.803281039574808,22.141444603936904,11.652121324919989,59.98845637110138,34.55315012042728,24.516432083070615,17.108237042153576,4.7594920337229265,15.779886624022913,16.743728580743298,6.207503252023782
36.0,8.071445415800678,9.091659476278242,30.456826885114875,12.059022049132208,4.65804572496668,9.415916977047539,13.6984281197188,7.8080016044877505,9.412475291642924,0.009937145048734804,12.23408328372961,4.997643415772739,6.817984930006593,10.02197004603284,13.498753074666404,6.461646056360767,0.009937145048734804,6.706880326706664,8.115697053712218,14.384291863982597,21.598933361537142,11.826592661992079,59.47276033573256,35.16716046785637,24.5239331704533,17.03563621613787,4.567715014952918,16.076533168039123,16.479215333008966,5.384830787515013
37.0,7.6459359046816315,9.234823161007357,30.365380358497926,12.69239962238359,4.290467818212562,8.915306133895289,13.083435944065874,6.946002198832898,9.937470879881774,0.009246112630509262,12.546155732291096,4.717866181337144,6.302984192984355,10.771404342767193,13.722796467716647,6.450191828904781,0.009246112630509262,5.795079779435784,7.4379462153698475,15.063830269674648,22.126904807651247,12.00041881634595,59.30035985034946,35.37532596984028,24.460798786699957,17.12826211320196,4.293453526919331,16.71287596761404,15.918636837091984,4.895253327667003
38.0,7.236699259485593,9.271704289592224,30.36530648824488,12.80830188847723,4.056716571913349,8.375547666627861,12.882214607122915,6.489945018119962,10.20633361326163,0.008554754020933593,13.105660579696549,5.160824806381096,5.478136383552554,11.568872294890486,14.066288999721769,6.911124752754065,0.008554754020933593,6.6442561823048445,5.796592085592987,15.245013458160544,22.31306918403075,12.025495111688446,59.420038747744655,34.887366986184425,24.263827459837177,17.21200705005797,4.244736463126637,16.69847602636533,14.817064618038728,4.735443566195077
39.0,7.618172520066533,9.470143535931246,30.53615176162314,12.635756103647003,3.96997082928491,8.999031600056757,11.921983403693291,7.044509599513075,10.364135275553444,0.007863113041632131,13.15126104834551,5.981133656313605,5.45107516289059,12.450706447652417,13.79033866206891,7.050503012435902,0.007863113041632131,7.922850887852727,5.759360318111242,15.54966051099471,22.976235626552448,11.904292313579413,59.39618363511146,34.60038964761925,24.177532984951565,17.050925349298616,4.523799875896294,16.07257848248908,13.84943101168511,4.586321974423891
40.0,8.227070600707531,9.652870944684881,30.765040610003126,12.590989821783861,3.804058576690266,10.053347358607791,11.321261968632644,8.72775158539754,10.493957461144992,0.007172484545227899,13.018654708777992,6.828463342048575,5.6965693742415375,13.600440554978015,13.268771614115172,6.969838441672389,0.007172484545227899,8.670040312242003,6.492476089014844,15.83410849152879,23.904933124062737,11.844449677604329,59.301729944624945,34.48287845240071,24.170386837848245,16.766525606740775,4.858839848295977,15.595755345980443,13.35386238587067,4.553496843052801
41.0,8.535607968735428,8.913050984087937,31.05221873581592,12.530447258610495,3.927408537991884,9.644098865644086,10.461689395182248,10.674898973127213,10.99861052873451,0.006482205464058515,12.980580160105312,7.170063347271805,5.733118696831559,14.830005143577408,12.739838816734915,6.923648063597264,0.006482205464058515,8.941745513786561,7.149461044887806,15.742783805944079,24.620097402311128,11.192077413969175,59.21068761053835,34.06102985331158,24.232268151736193,15.571667534998701,5.599207997464729,15.754979366189543,13.378755911271293,4.496810608478765
42.0,8.81985971619437,8.53729384096455,30.95915033770593,12.078609340136605,4.6546161064757525,9.286157371070704,9.937847206578965,11.99570318618783,11.856019551286394,0.006131620311041445,12.999639783425527,7.540916516882979,5.992521246521508,16.171893238527986,12.163871389054329,6.793361973077665,0.006131620311041445,9.529488207380249,8.342810610082731,15.539621254422674,25.823585418914686,10.314477048661766,59.04534296382525,33.66186224094395,24.084433430909712,14.665097164517618,6.039251091581855,17.49639628764421,14.02351028051839,4.485955838874108
43.0,9.450734595776357,9.285265800486828,30.05851805933297,11.457542824234142,5.3499310937720885,9.353968059550821,9.820887586496868,12.151790116568215,12.44488060957773,0.005854011504687825,13.262430048176027,7.83502782972875,6.05729031003248,17.506499979355407,12.003351313797959,6.245682937357655,0.005854011504687825,10.74354149342873,9.330016855361883,14.78254273089034,28.468226190129233,9.564627602385816,59.01730051226994,33.45004500595406,23.975138754976747,14.813093801363195,5.826941003455794,22.945796866282056,15.328741122416215,4.590542654630263
44.0,10.046091194100622,10.482761876393027,29.050672253890767,11.280441963667668,6.349592160398804,9.683167449547238,12.24375992886076,11.69363245984071,12.535211639921716,0.005576757849863266,13.591910237695338,8.195536699120739,6.68809810372667,18.9236028831856,12.802755831911787,6.071577192890559,0.005576757849863266,11.701699175811632,9.43038308886919,14.025065002325615,29.85683542046285,9.86845805596132,59.12880313779095,32.98047616857284,24.483194410102342,15.630074576379767,6.038288391429328,27.57940987283984,16.345062411187158,4.6360239335302005
45.0,10.299386937041065,11.673709126978073,27.996380393548037,11.135341014512873,8.067009642787706,9.993990991214911,14.652113906986504,11.498054373242592,12.923829149151576,0.005300104330803141,14.093546433839158,8.950469465666655,7.565532818606191,20.295147463816107,13.622039694741455,6.457635030752965,0.005300104330803141,12.376650858097687,9.56074459358391,13.298038765461548,30.475134849670205,10.362760524403818,59.2933822916852,33.25775119171904,25.48968273445964,16.178216352943043,7.188126729830603,31.50293488236071,17.277922768399335,4.612362427676043
46.0,10.102811112577152,11.698262292207032,26.462731632357926,11.678140930966507,7.934554577717929,9.644956231853676,15.350577886181972,10.106596287220075,13.293703365011094,0.005023332005585871,14.588622283448473,9.084120472849012,8.29464083646276,21.978570049595984,14.115234721390946,7.345234831278856,0.005023332005585871,13.606956983527066,10.09482506068995,11.977350158691163,31.57809173719807,10.782829894406243,59.43402057574373,33.63275065748001,25.74990657653281,16.330939384434135,5.175083346484236,26.03646516825096,17.469132639033067,4.62262442713974
47.0,9.612916492029582,10.894565658355047,26.478400120961677,11.782687256656486,7.586606438865969,9.401977632994756,13.158110634735788,9.18415425558679,12.977137849759323,0.004746208191193901,14.698601970397378,8.228979827144556,7.622197756543524,22.946437223046097,14.75357296739132,8.067850993879908,0.004746208191193901,13.776041237739003,10.266808633521523,11.172835702474375,32.28097457098831,11.149266687300194,59.55922689221302,33.447801078224565,25.79567327394798,16.534593978047663,4.806489379611218,22.901775043078583,18.522694385192523,4.452011206415796
48.0,9.409642918506185,10.372016514683668,26.834088307889285,12.068625297566298,6.873198649517973,9.463097873801129,10.766162513357084,8.593865749246064,12.789936614593643,0.004537235743509827,15.073977368050079,7.574851053612069,7.172033983283476,23.400831697145456,15.96626721434755,9.039982245293302,0.004537235743509827,13.929419006126928,10.23243214419273,11.032912094636773,31.984051016147255,11.407268486532255,59.45286687067944,33.19762667437772,25.773037492918796,16.639915512975783,5.2666085360434325,21.419312328948568,19.363716128666287,4.132672199226757
49.0,9.360606175145746,9.950139860481947,27.445080403276144,12.088931033329901,6.396409915625779,9.364889219279302,8.946636315826277,8.153122912274053,12.70558685876595,0.004332591606534317,15.744262509069651,6.866799897939553,7.021455848198168,23.686768572521554,17.359003513910167,10.2177689803336,0.004332591606534317,13.535117978470057,10.006560475730549,11.27311956379091,30.883825411546137,11.881912813074429,59.57050596978624,33.0283688912484,25.225130580605086,16.599803662241513,5.728565732591662,19.510887539180352,20.183095375055274,4.571215276695817
50.0,9.31049898871906,9.511644901726875,28.019772412443892,11.881909121524705,6.024714348982908,8.87363264834647,7.726813175248086,7.657018750204975,12.843223478052812,0.004128002503990212,16.53272988122092,6.0878204670325005,7.271542556701245,24.03544406031318,18.757382180992643,11.57310552875097,0.004128002503990212,12.832196146076363,9.687666628556345,11.499526359605188,29.539465947183448,12.51091423870271,59.85830851500503,32.882374116367366,25.04266733898403,16.807907210047585,6.166046138062663,18.103440098181515,20.91800777568576,6.427963574879414
51.0,9.04722194479789,9.25283428855897,25.408284242804907,11.142828173732672,5.438234450827104,8.363788581140817,6.667798196051673,7.516992724717479,13.273211140020832,0.003923276389759417,15.604510656736474,5.777991114508848,7.937106934404697,23.85270850911353,18.54165637739323,12.083424287398277,0.003923276389759417,11.936681454804766,9.476092186012526,10.646422081872773,28.563949801854257,12.371348640325234,60.00024328085386,32.92502951880917,25.305107269076096,16.3686687762413,6.150210400071514,16.929739526708687,21.801055542267303,7.600785581029481
52.0,9.059835913445387,9.305102925692896,22.89129282774371,10.429392161566676,5.009594316427414,7.396382555425345,6.38608420853293,7.751623485362483,13.181535971145212,0.0037180506282959934,14.887642481709193,6.277271448924689,8.831886952898193,23.827984310934127,18.837218559409628,12.547460605417859,0.0037180506282959934,11.285359068256895,9.648197929340489,10.073312480948678,27.662896095286953,12.322864209498011,60.10794986843981,33.201556634413855,25.640780208651584,15.971028417965373,6.191697879951479,15.790630250306656,22.87209933735709,8.63486445587496
53.0,9.445358205732743,9.497835938520275,20.304782080652902,9.76759888567062,5.070492529958164,5.495253153951202,7.008729181157678,8.778547920498232,12.26964775793158,0.0035204725471416304,14.461049158025757,7.2446448093766165,9.577561186348353,23.88599208467769,19.411846594018108,12.896155210201606,0.0035204725471416304,10.826655830976943,10.138291104115602,9.562086895497991,26.875556988505647,12.25853451806504,60.151026250100166,33.630842838007375,25.90702920372686,15.621356283512924,6.177183360384624,14.895993256536359,24.165632448037076,9.346349447510324
54.0,9.165371196167897,9.488558588446933,17.3775290454461,9.750143751306451,5.316263638711851,4.20729907358094,7.477050831024083,9.99122893600909,11.838130838976959,0.0034547553705805123,14.187020882507396,7.544570915602168,10.067184603634235,23.63735099541525,19.99866639051715,13.121258215764533,0.0034547553705805123,10.042948586092134,9.620230236073512,8.51923729993703,25.522361809056928,11.882143344165419,59.71536672271923,34.00000448563022,26.032904048535045,15.212301025215776,6.415314815308406,14.261915321521835,24.83735062600392,8.844881409568211
55.0,8.962086446374407,8.900355510548156,15.091127989125386,10.397964023634993,5.149041620401275,3.5057099366558053,7.815866908948157,10.99784220369995,12.107677038647187,0.003387972052098998,14.683275901597266,6.711434760812432,9.302361544591385,22.241931063920397,19.84300411032071,13.357737702398815,0.003387972052098998,8.980401368266966,8.384211689468216,6.7935617093925895,24.489632106469035,11.661422546226078,59.089270175354415,34.14561814701965,26.15129139588551,15.095976589804126,7.146140979536524,14.677420230774132,25.1535273374214,7.492516893606355
56.0,9.057561129884292,8.20254298895048,12.89103216882426,11.321389610922436,4.784288271304499,3.2337005027430297,7.882668153128741,11.424761159953752,12.11243584537641,0.003322549586492948,15.584852998241958,6.06714133728356,8.692584342076758,21.116590109588703,19.952807469877218,13.661704191886319,0.003322549586492948,8.620540238505631,7.787677579344396,6.101918008179536,24.50403608832095,11.397299056838769,58.896937574813066,34.29498933697194,26.32065969673351,14.895980475742034,7.426852801391131,15.049693221146908,25.436431404997432,5.0779595714406245
57.0,9.428242368773615,7.495523475260919,10.80313983111882,12.39256988454319,4.5155287255805705,3.506912508843614,7.442314120758332,11.574590382657666,12.027937337299003,0.0032579719919207397,16.206231217663227,5.539455874451338,8.40818096387096,19.90271623103416,21.252523145420557,13.893141817339744,0.0032579719919207397,8.827633261435949,7.2107715966601775,6.56053844892423,24.712433571112197,11.159731543099054,58.739757495382314,34.405645815570224,26.462167927253653,14.834371411452853,7.716579749156352,15.45185024742082,25.56437558439748,3.8075518699887305
58.0,9.688301736218943,6.763193999037777,8.87473531647053,12.935144027953596,4.134515255009077,4.173611228062944,6.13423854883444,10.825146855419415,11.727506933212407,0.0031921100266850315,16.294913559203287,5.285588362285081,8.541106794463431,19.459759408052502,23.13328745081239,13.760406243723994,0.0031921100266850315,9.56764616619551,6.573854724070959,8.277995115430947,25.042639967526362,11.014312921739823,58.711557262046945,34.490186928521965,26.510021589955098,14.895400964937716,7.907224795137402,15.703678389580126,25.499701069782933,4.120600102000051
59.0,9.651341740097548,6.134333430626941,7.866095651498103,13.229041254134113,4.017886728838107,4.877160565115332,5.287824256331922,10.321216920632047,11.361912470240567,0.003118644074405201,16.12793046750622,5.440873256297441,8.638415893909947,19.632493859884647,25.104462947919536,13.738936701782928,0.003118644074405201,9.72909296547205,5.7839739469203195,9.764568083997814,25.13056711854575,10.685438792674503,58.644062262261365,34.47676430702539,26.634677945477577,14.803638026680254,8.06552843371083,15.815653905593704,25.313877293485074,5.008725582783164
60.0,9.283373795556622,5.5669788514253264,7.283462521426003,13.290837818031566,4.294540870501578,5.045725987474158,5.055292968243353,9.745940530205393,10.767139549479637,0.003010341441502242,15.056647384643792,5.673611967954386,8.253280270761767,19.83598659277711,25.366986490076375,13.842969543843774,0.003010341441502242,9.69907760784598,5.085604098957395,10.929092305096367,25.158687533114126,10.30311725198458,58.513821848808725,34.28709324105262,26.88004492788024,14.619616101629363,8.36869862003731,15.871206594478286,24.92036195743782,5.615818898657821
61.0,8.982582803844148,5.216501814140078,6.652110070400634,13.507196020842242,4.631284398958516,5.2290619073427855,5.0165308849440144,9.635485194439104,10.186610218893259,0.002902617458886637,13.926014660936271,5.926703352710174,7.7077589583986565,19.99058647289065,25.14338561806389,13.779426693789143,0.002902617458886637,9.521322926906327,4.664462164330948,11.026398552570083,25.04000602333436,9.501250504836356,58.94272200020135,33.89369523840644,27.757584813029702,14.224018022772432,8.947286741745387,15.707081329651464,24.62198166950071,5.754555194655938
62.0,8.710529042518937,5.06401048791949,6.059435335110805,13.67630141291548,5.07453948763873,5.370248388788387,5.125254322528259,9.733024062821478,9.738932193828845,0.002795742540399734,12.893763396553421,6.226281293664144,7.196935562631285,20.007339782441186,24.68277787360241,13.728604998144156,0.002795742540399734,9.541856123658835,4.69071964362982,10.98676745897466,25.035195201835858,8.989516137129355,59.348687953728565,33.6547694453461,28.726533595687297,13.867308659731766,9.518740253572348,15.595068262400725,24.435040633000856,5.838368146803256
63.0,8.410669715545053,5.238408473138998,5.601528746384351,13.70190674225546,5.41498777158374,4.674022505273506,5.347039617233026,9.411785958214583,9.4545745551686,0.002688880459507631,11.398427046222585,6.470690663392881,6.10001607797443,19.70220376881113,23.748762284684368,13.373891774690605,0.002688880459507631,9.299262038000723,4.941056629827645,10.153883297872323,25.252623254097063,8.874038051938772,59.43375436225267,33.665164472604566,29.001731406621136,13.644207068318496,10.075525245369931,15.594332934076121,24.414711693700184,5.875435482490141
64.0,8.049997508922258,5.460182668087138,5.160489885350312,13.534676750839386,5.636797397756926,3.9447253083870955,5.449202593168142,9.043628071825728,9.29264562935001,0.002581573659463014,9.49228116705824,6.579346988951927,4.756992584559542,19.101253555935894,23.02239081336263,12.826878888066167,0.002581573659463014,9.005507004836282,5.431281843468756,9.43935006361706,25.48857207242844,9.257229975966803,59.32850072529738,33.76678500339261,29.10631634824617,13.83013056632043,10.181854472256353,15.768752555625438,24.229650774499333,5.7691417524359485
65.0,7.649346129942144,5.677715525701537,4.740869157466239,13.22511260758081,5.853001984527829,3.355859880356432,5.557333709270067,8.732689272431951,9.225525848276657,0.0024972117291789356,7.7734248427545625,6.678171352456193,3.6225271537215606,18.17482356654794,22.620766367231223,12.333423863774534,0.0024972117291789356,8.61918230579156,6.054132904670735,8.970025279879495,25.68491397772228,9.858651129742379,59.13377018098053,33.95010685950181,29.05605066152272,14.324860933627683,10.10319465765796,16.155835301412136,24.047569659462784,5.616152882383498
66.0,7.212880750552676,5.6703638303186965,4.384830507313397,12.803756175034383,5.936137910338632,2.9106701216397473,5.51880820351634,8.207440709457513,9.059827528084899,0.0024703939431306773,7.017094690926747,6.33228938694292,3.22203917907403,16.656839742032975,22.24073266799828,11.682044541724919,0.0024703939431306773,8.191207758966566,6.033281093312557,9.297635911170017,26.154891434982773,10.310184692548063,57.900349511557515,33.523106134991174,28.05246110120296,13.355913350505013,10.134437728129297,15.333510006339454,23.627043278665987,5.058302377672902
67.0,6.912787258501838,5.628950269722613,4.226593678475775,12.373047508934365,6.067919155085589,2.7818608731025813,5.339193200836561,7.4685266281706175,8.854291737194766,0.0024438716807914772,6.902113476156057,5.938698901903743,3.484176451125883,14.783147037695036,22.1120105061513,10.8910064846665,0.0024438716807914772,7.784645386214196,6.044484662443293,9.657273585666768,26.457154293571378,10.7093897744933,57.95897150962091,33.2868745897445,27.857019865371104,12.645299480445416,9.949421649748755,14.884233378584982,22.753143207989204,5.6564205112465915
68.0,6.7969946885706,5.53448763590659,4.333997440036294,12.082118951384066,6.15912249359492,2.7185839418820428,5.418500924617195,6.592302679423341,8.637916472721995,0.0024182842910852246,7.1637869824893095,5.4162084716062,4.261384165909447,13.140257293369102,22.297172507503504,10.007607589781232,0.0024182842910852246,7.7285101710899475,6.016272447780134,9.745259958377979,26.271023187334546,11.06343766580411,58.279863146204,33.33100027669516,28.69831894346299,12.45185079866986,9.775441786425368,14.508025205264468,21.706220129317963,6.960151942002338
69.0,6.769071466286472,5.393752546660838,4.518046223709088,11.730995859752142,6.252860478535897,2.639898048165213,5.5421684402748745,5.90196167994931,8.419559810872835,0.0023933558107136228,7.477597100193517,4.79224072542713,5.109479838177937,11.863154967174069,22.28598370764998,8.996208473324526,0.0023933558107136228,7.869001087351074,5.910973774426704,9.74447666323069,26.075725008745003,11.437215697730446,58.64102410688266,33.71274062363403,29.927715323078772,12.468931780306802,9.532027959779409,13.898906367481514,20.773071061382236,8.316959644076153
70.0,6.565184809771917,5.241380384565973,4.6901957189346914,11.275404664052397,6.399112502655506,2.6420385215777347,5.731707495520249,5.395855432542523,8.165633125675797,0.0023683574324136606,7.764590875906146,4.126723120581647,5.877929029393659,10.729061706656083,22.041624776663916,8.290126896935522,0.0023683574324136606,8.01725207854134,5.657674121487862,9.449883843722143,25.8360996844591,11.789765122728463,59.059880069978384,33.8918716260319,30.167893897889495,12.649191129230223,9.248342461109623,13.081470201140647,19.746712029081202,8.427980590390026
71.0,6.298184118204177,5.130517510961541,4.870349390499414,10.921419510961965,6.602579385920973,2.4230849716434437,6.249429275782945,4.655352824674591,7.906460093121801,0.0023377004629520242,7.326010563097286,3.44310259837365,6.295345036810515,9.692355748870801,21.85235396711982,7.916678153844447,0.0023377004629520242,8.104748545077424,5.395136211759267,9.040007743285495,25.496580643672587,12.021353435063512,59.30743019155029,34.20065874222695,30.41698169913078,12.578747885908703,8.953293880565845,13.119614003314847,18.96028579832343,8.544065235710232
72.0,6.001019618185633,4.986021557473416,4.923022811400262,10.520593851769636,6.66581082805547,2.458864793949063,6.718033209997449,4.455411333771587,7.5654272411998615,0.0023009515325173474,6.816046020294697,2.8450328344735314,6.422722292812985,8.995147088670095,21.304583917622097,7.74373415909005,0.0023009515325173474,8.194574815163682,5.148526577345263,8.721771679694726,25.05952293456242,12.13077733310743,59.61907037257639,34.535194777269986,30.80952683708239,12.50308949638031,8.732465790780804,13.14540342254942,18.284651995283152,8.701061983908541
73.0,5.7213497301165965,4.900874887016837,4.954122923397565,10.170365561938377,6.678377905189189,2.554953836616568,7.02102928341239,4.738158847617637,7.206316235642819,0.0022642494217158748,6.330760491642112,2.223104063601875,6.443886290993851,8.558309724649597,20.05898031142009,7.653200319791619,0.0022642494217158748,8.249914496234952,4.954119600591357,8.266512263994272,24.73257873891017,12.243634258022016,59.80689650114033,34.827874281874706,31.107932759872455,12.454430435857804,8.595884996083132,13.26163114698829,17.70014507608075,8.324544934296174
74.0,5.500265976059803,4.811059861823487,4.962637861961355,9.986134938702547,6.590702264175857,2.5007076544617726,7.02695618121663,4.901611607144245,7.028578505702841,0.0022275383151408546,5.723417865725626,1.7619788604140667,6.4044256029554925,7.570737979085909,18.328215173600316,7.672542931925161,0.0022275383151408546,8.174741700592847,4.806264341338648,7.507335712181516,24.57370104337979,12.391518518401128,59.84985615655138,35.36237871813305,31.20386507540666,12.270589366146657,8.590357368396234,13.468108118239604,17.346635296171183,7.677687320204992
75.0,5.330811547997306,4.764137263836877,4.923893101714604,9.808302622506611,6.487339108632457,2.5380949197154115,6.965914419538231,5.224295148696148,6.851602391304843,0.002190837882430226,5.337366248419395,1.7692770646455882,6.317664403622629,6.8023885281151895,16.491432704366172,7.812935551955587,0.002190837882430226,8.130042503453135,4.732045879802917,6.800595400815816,24.44491078140701,12.641084073162133,59.90552491200408,36.15185438680251,31.291610325200647,12.12678917401649,8.617316606779367,13.785346278973941,17.276318329225948,7.104558104731841
76.0,5.373075901025234,4.5169077179624635,4.828509808575127,9.482818186915706,6.112447808084207,2.7283270864038816,6.664472696069107,5.307981593699081,6.636274823349975,0.002154144135906001,5.1358205844060665,2.0923281678710746,6.178327148575714,6.285931866159476,14.709570595273105,7.936631287778264,0.002154144135906001,7.9761944841975065,4.692832847017693,6.34176339888772,24.209982722058207,12.850377731651195,59.955393765635435,36.99312666062968,31.450079463304935,12.035966406019297,8.68765564662564,14.364844321755054,17.86415440581155,6.570575855696965
77.0,5.459748258048657,4.3022689084021435,4.6881765150439385,8.87429269884505,5.7569700066375304,2.9952332677053786,6.09705967650569,5.367083449335732,6.438006931904578,0.002057786704731125,5.206259383093508,2.4885818065411254,5.945917453688661,5.80055643411984,12.85475582122539,8.050145368400264,0.002057786704731125,7.847032814584715,4.676893250115252,6.265255628414198,23.79643073949774,12.700556531329754,59.92118401058842,37.38516744432535,31.660694248802436,12.067473178386022,8.803937356607403,15.86316713596372,17.888329019495114,6.3178648004250855
78.0,5.515153084215817,4.1227771079320625,4.585901719831531,7.969929204467223,5.409228811009831,3.307912389228795,5.476794891912768,5.4264484842999146,6.413602738319374,0.001908491511596568,5.20426605142929,3.0229605210925836,5.614081488004502,5.403126817962837,11.138345302481836,8.236361695852237,0.001908491511596568,7.703111624606326,4.728962114410448,6.219147431934413,23.363605920256678,12.565363712205038,59.965077814093625,37.70262351941233,31.924137557844322,12.141834503125065,8.929795293890123,17.842143804090668,17.95805692104727,6.795618238756155
79.0,5.509147497627814,4.058460088978124,4.460386043603545,6.841713442454122,5.160250696058206,3.54027063361993,4.67600581682662,5.593477681088585,6.490565727435571,0.0017593118185750176,5.2141716517982735,3.4273114467787833,5.182568721256023,5.236068187787662,9.70716506470838,8.132675635022705,0.0017593118185750176,7.490196313983926,4.913427616496499,6.19396204109057,22.876931446257267,12.418662979741752,60.02085711185128,37.99628905012173,32.178851466829606,11.982350132370673,9.120217003743136,20.074099731846704,18.096514625534056,7.9444347557819315
80.0,5.39382155548153,4.046877142960839,4.559233966180316,5.65418744700039,4.990988686338856,3.592032105227794,4.245992395840478,5.889756557676974,6.748068788859018,0.0016099933273938088,5.4456917926128146,3.797801907341587,4.711452253278826,5.4366215625272165,8.327395939343813,7.900962216718284,0.0016099933273938088,7.2371325994883,5.100329026069998,6.154966578450069,22.50968329138188,12.307655311083128,60.14407619770262,38.18519687583878,32.33313998866239,11.751400756734094,9.247356857848581,21.50643094195308,18.312614370625415,8.463088921372629
81.0,5.267505065264859,4.107464507527475,4.738916307629306,4.609255681058694,4.900216029416248,3.6498630353489574,4.323978456347461,6.351446722083174,7.094417732239796,0.0014606593828038548,5.452361533645651,3.9380202174961108,4.35739598705102,5.357721271578399,7.145640803537405,7.5418526558630425,0.0014606593828038548,6.897598890752918,5.270503897884843,6.1168197744940365,22.304060409900735,12.342822085310894,60.49514961418913,38.22776480783038,32.421435840682896,12.22448539726455,8.88180877470099,22.42213675834709,17.36512042048193,8.465738815940233
82.0,5.258864005994306,4.2075654959265805,4.913882992334221,3.8026983901153755,4.863706205999122,3.6913595628921443,4.660124991951023,7.043420497004092,7.504046729734599,0.0013113987394458666,5.724541774059928,4.059976029087087,4.095120424931516,5.231814568546211,6.442701223854243,7.050758279536407,0.0013113987394458666,6.601519931888335,5.526922106163615,6.217534032016505,22.353185572713386,12.397302987624588,60.7999224864696,38.273406018457614,32.47945426130703,12.289506157837703,8.678278112493132,23.22936315345444,17.117497956176305,8.457710075070123
83.0,5.2425380842642495,4.252178329682251,5.065418552554736,3.3223673076823284,4.776748811588971,3.6826318345276623,5.174803807184812,7.858042664409389,7.854720988543747,0.0011845378585966764,6.070986379353311,4.1595715366600245,3.8837772506427686,5.261114450883923,5.931341216738516,6.605863258082266,0.0011845378585966764,6.282606281978595,5.747048469745881,6.222922369117114,22.376014260825198,12.40832603393754,60.96914211126881,38.234782339421486,32.51455398303682,11.729036816988577,8.720913833231926,23.50601093681037,17.8888321992026,8.390106514755853
84.0,5.197128612224941,4.29619443360527,5.179978047865426,2.946410106245435,4.758158656526178,3.6443421524155895,5.570334880804869,8.762340400614619,8.147112907767774,0.001069929204388215,6.375878284920766,4.259777292582981,3.8115849089605653,5.538226616266981,5.519010844767407,6.125600311817539,0.001069929204388215,6.112290366547778,5.942209245398943,5.866008401106256,22.187529463885053,12.525759527227313,61.0667715807533,38.20487560397746,32.53398250943435,11.409505993758522,9.062769645339737,22.347483908978603,18.974419176276704,8.246332011592036
85.0,5.110098737247347,4.38826637591065,5.314712178180552,2.700880047927898,4.853117594874599,3.664407967758536,5.778560731238871,9.4343693781678,8.364332502197101,0.0009551755129779257,6.5097198998204435,4.301571692130187,3.83380712540818,6.078346951833398,5.334435603858841,5.790701067330006,0.0009551755129779257,6.04382599226932,6.157115417725242,5.6314982009443275,22.0735334984655,12.672992012839222,61.20858440720389,38.19144711226031,32.53558209094725,11.240062407637241,9.474040890903886,21.493805031024355,20.131471639978418,8.138400430506701
86.0,4.963244099933808,4.4579780679502266,5.564718943272817,2.551547832354433,4.975004533952614,3.7004424845395176,6.083155507541381,9.99673271762435,8.579103105376916,0.0008403387240995795,6.647184224551529,4.413822776127392,4.0608688079833595,6.810164271564202,5.0774135048080735,5.639127748404257,0.0008403387240995795,5.864957539425905,6.3447495704731205,5.442457660267878,21.966260911676734,12.8307282584273,61.43324254363229,38.20160665524386,32.5319209273317,11.32653247120579,9.775522239509668,20.775569330088622,21.204635970296867,8.060595545244805
87.0,4.875887764358083,4.500561180765848,5.81226403227455,2.467427784736302,5.107855534816645,3.7930066325024354,6.350908151655007,10.371706996471172,8.772069772943327,0.0007255371333178777,6.841699615146354,4.538290427936396,4.439154391286438,7.687795861627175,4.927001404889288,5.584394093767738,0.0007255371333178777,5.700380612901733,6.442164012065769,5.484696040301668,22.01898909567241,12.918766083357639,61.62087265726954,38.296160921126656,32.479334421422834,11.24695493175798,9.964393416784572,18.65153301527174,22.311631575171585,6.865552009762898
88.0,4.734099782071593,4.575572514582513,6.0611939505609,2.3993991163646786,5.388574792604362,3.8637307465680135,6.4921510312079205,10.602329813549211,8.919445435173841,0.0006108755052127567,6.940517239171317,4.712431904022652,4.869660413983196,8.659968216079925,4.9153704753742105,5.730139219918392,0.0006108755052127567,5.522421311714003,6.543972722628626,5.787374977878919,22.217277243803395,13.026931113229768,61.79078867356611,38.42984902286201,32.41861481408517,11.11009572639052,10.346130208316984,16.041371386265652,23.610990392349354,5.829585182918775
89.0,4.497448389969099,4.646371847600214,6.338270797837085,2.2051970764285502,5.732292327528955,3.8375817651896353,6.825242509662391,10.534320481244572,9.032835085247175,0.0005736574198583793,6.945806216452797,4.917720240647783,5.241187617646641,9.26363152284957,4.720340256538182,5.923351987468942,0.0005736574198583793,5.261318591846034,6.711453611790263,6.30531953479832,22.60254180028918,13.174343274594339,62.03015760929871,38.558563495416124,32.34182774853226,11.371128450270886,10.93083678597849,13.144103563787604,25.092054690322417,5.4468187371666215
90.0,4.340834844349625,4.726619819978958,6.652106411636579,1.9627215950770889,6.101080488338704,3.6851808073593033,7.232702226935171,10.264842218269687,9.111148245897812,0.0005602260581205148,7.092034514371498,5.140884070546923,5.634618026510286,9.575895246303231,4.5983918839148386,6.164063620103515,0.0005602260581205148,5.128234562941534,6.863996060004124,6.897382705713891,23.133966897241923,13.324119906142274,62.31596110552145,38.70600174046219,32.23456609430238,11.781000816181402,11.470212836473847,11.381384823714887,26.57803772316422,5.681369163231761
91.0,4.203421734820861,4.7261681403592055,6.850145809858416,1.7876159045391484,6.286462822799126,3.617189085105839,7.609542610277903,9.95821553909734,9.010446225245309,0.0005468065685755943,7.25387450143486,5.371482682997845,5.902788785378018,9.726500974994941,4.553725771441222,6.556063189341523,0.0005468065685755943,5.055001724124319,6.803186972635114,7.255102056828601,23.242917443680145,13.29681815269256,62.580548343048704,38.8369039687953,32.07275323153947,11.947732896689523,11.333567623039569,11.55055012878405,26.25539385159396,5.690976794039033
92.0,4.302492812307198,4.689253530537017,7.087113085918205,1.901075401999534,6.7086361584855565,3.73373558615294,8.411336515437972,9.87535416054861,8.53324473326838,0.0005334293809134825,7.503864622801289,5.448444197086383,6.2672998797040975,9.729377123330517,4.617803859054866,6.73054496570107,0.0005334293809134825,5.115572129157663,6.496258266224422,7.696761995345199,23.22507256774939,13.264526480329325,62.75062362654984,38.92955248529802,31.8996644229172,12.172558673299587,11.171890516947965,11.778423979763277,26.17833755389459,5.6979732992615855
93.0,4.4735042873720765,4.7465802260136325,7.357748433055341,2.227639522481626,7.362091578380098,4.049669701705818,9.413567402833763,10.199183462186673,8.052537793922655,0.0005200530913725564,7.756042677076757,5.544421001201515,6.715565050596373,9.607383216727545,4.85713139680899,6.7806962963799196,0.0005200530913725564,5.310892878830145,6.185766275477777,8.068699948329687,23.177076385477598,13.230780008468125,62.891206188122545,38.960699329767465,31.742842911090648,12.32513604562631,10.874575915905515,11.905791544654528,26.49796464128961,5.684535598685563
94.0,4.6803329847215815,4.882232843921119,7.621004364625095,2.758590264220924,8.123861771327851,4.486803116421799,10.512733671605819,10.763579290932963,7.679838950274916,0.0005066738277530172,8.032621690630076,5.692238566896416,7.173069767565563,9.527348122218532,5.146691505620677,6.821161483414606,0.0005066738277530172,5.558747641731366,5.971414979322856,8.3752321126788,23.13375427800991,13.183465488227021,62.977793019838145,39.00273797171414,31.615187945511696,12.234395017939951,10.501956698843712,12.183099110027111,26.65621064325685,5.859319228916027
95.0,4.547428510895909,4.681977946984395,7.772359403152752,3.698367520093023,8.17717552360058,4.827070321541743,11.341291849114908,10.801620397293782,7.1338377347421424,0.0004660986027946773,7.99438821918857,5.921982941876158,7.255968296797971,9.130468557502498,5.4213419148416495,6.867780935652565,0.0004660986027946773,5.427323138135359,5.587579455488747,8.541437172242413,23.030362062092706,13.146247378693957,63.0028588023477,38.970127413104635,31.46462955821516,12.027758006045403,10.055119190232668,11.758329163064946,27.475518610259194,6.177666808985638
96.0,4.379484869066235,4.347817519003815,7.752691436915493,4.6329710270335,7.815373915070983,5.186910721541959,12.158642693134963,11.049151451026926,6.716275436199112,0.0004219509954970907,7.879668594846165,6.075584019358876,7.02123481648282,8.483743024320368,5.655135467791733,6.8956142890968986,0.0004219509954970907,5.27972448956241,5.117692656699591,8.708661143892686,22.944645036607497,13.113381901765246,63.07459082817933,39.00490208321817,31.337231867385782,12.697207364374004,9.78563878842681,11.47507193266247,27.908103984827346,6.647673236265571
97.0,4.263561915727142,4.069231836548217,7.6571824544088924,5.562198419134452,7.337114176085103,5.643058192695025,12.99181143548919,11.642224829158037,6.465695884626511,0.00037787080943065866,7.798550817948144,6.2864772908266415,6.736678440013707,7.887303138495206,5.918209722141053,6.911405211878027,0.00037787080943065866,5.176296279961201,4.697823739477761,8.956165359158728,22.81219973346461,13.001047359087494,63.19859446502008,39.000612433054634,31.23783590989549,12.962986137578994,9.479514177817448,11.428033147565934,28.483578162880367,7.114765827045271
98.0,4.197624713415132,3.6053793293550576,7.571214449366916,7.029439902570694,6.226000407894457,6.251697022429706,13.538083951040239,13.794949072188382,6.014232042594591,0.0003338655771903845,7.536771596758864,6.603848375387166,6.217680718972283,7.628309571049882,6.319578138617784,6.765706803016945,0.0003338655771903845,4.960331394826089,3.8934232648051594,9.181767162840382,22.593742727489243,12.803032757306832,63.38618326511303,38.84898285852288,31.210419415620084,12.27729141586249,9.187334071805775,11.760230369063773,28.54511942719466,7.347183577927473
99.0,4.297427170646068,3.3135416116538026,7.578383633414773,8.892402554368012,5.254595788248573,6.77531841400351,14.15389011547115,16.661184631608716,6.322361691488456,0.00029002101860014216,7.518460882793647,6.96932094252629,5.689324856774688,7.4488874729526255,6.801716877213322,6.336199735201338,0.00029002101860014216,4.509459334352121,3.1089233876831894,9.744862968286776,22.346144890981066,12.671362435868229,63.472832290759904,38.700666046416835,31.20846182819899,11.488645268940019,8.979702598024785,12.233018762247635,28.618281199272555,7.550054954930515
100.0,4.632826211792307,3.248169857657161,7.687466317006465,11.144346605657754,4.923892658882095,7.33988901073797,14.779991760047716,19.46881842054773,7.2720486963508835,0.00024641846392659694,7.713159549947596,7.4682321136177805,5.428449687662934,7.331432549675249,7.346386595513081,5.911255560591284,0.00024641846392659694,4.052405869765461,2.720740463525475,10.567521277222403,22.183838445442102,12.562160820991664,63.54902955779146,38.577481222393835,31.199981143991003,10.827488730712483,8.80730617145801,12.821792400074193,28.759893664311186,7.7459172150049795
